split,image_id,filename,width,height,channels,aspect_ratio,has_defect,mask_area_px,relative_defect_area_pct,num_components,largest_component_area_px,annotation_present,integrity_status,defect_size
train,10000,10000.png,229,645,3,0.3550387596899225,False,0,0.0,0,0,True,OK,normal
train,10001,10001.png,228,633,3,0.36018957345971564,False,0,0.0,0,0,True,OK,normal
train,10002,10002.png,230,647,3,0.3554868624420402,False,0,0.0,0,0,True,OK,normal
train,10003,10003.png,229,634,3,0.361198738170347,False,0,0.0,0,0,True,OK,normal
train,10004,10004.png,228,632,3,0.36075949367088606,False,0,0.0,0,0,True,OK,normal
train,10005,10005.png,230,628,3,0.3662420382165605,False,0,0.0,0,0,True,OK,normal
train,10006,10006.png,233,642,3,0.3629283489096573,False,0,0.0,0,0,True,OK,normal
train,10007,10007.png,229,640,3,0.3578125,False,0,0.0,0,0,True,OK,normal
train,10008,10008.png,228,634,3,0.35962145110410093,False,0,0.0,0,0,True,OK,normal
train,10009,10009.png,231,643,3,0.359253499222395,False,0,0.0,0,0,True,OK,normal
train,10010,10010.png,229,635,3,0.3606299212598425,False,0,0.0,0,0,True,OK,normal
train,10011,10011.png,230,638,3,0.3605015673981191,False,0,0.0,0,0,True,OK,normal
train,10012,10012.png,230,639,3,0.3599374021909233,False,0,0.0,0,0,True,OK,normal
train,10013,10013.png,229,642,3,0.35669781931464173,False,0,0.0,0,0,True,OK,normal
train,10014,10014.png,229,646,3,0.3544891640866873,False,0,0.0,0,0,True,OK,normal
train,10015,10015.png,230,636,3,0.36163522012578614,False,0,0.0,0,0,True,OK,normal
train,10016,10016.png,229,634,3,0.361198738170347,False,0,0.0,0,0,True,OK,normal
train,10017,10017.png,231,645,3,0.3581395348837209,False,0,0.0,0,0,True,OK,normal
train,10018,10018.png,230,643,3,0.35769828926905134,False,0,0.0,0,0,True,OK,normal
train,10019,10019.png,233,626,3,0.3722044728434505,False,0,0.0,0,0,True,OK,normal
train,10020,10020.png,229,642,3,0.35669781931464173,False,0,0.0,0,0,True,OK,normal
train,10021,10021.png,228,649,3,0.35130970724191063,True,3346,2.2612386127105126,1,3346,True,OK,medium
train,10022,10022.png,230,637,3,0.36106750392464676,False,0,0.0,0,0,True,OK,normal
train,10023,10023.png,230,652,3,0.35276073619631904,False,0,0.0,0,0,True,OK,normal
train,10024,10024.png,230,628,3,0.3662420382165605,False,0,0.0,0,0,True,OK,normal
train,10025,10025.png,228,636,3,0.3584905660377358,False,0,0.0,0,0,True,OK,normal
train,10026,10026.png,229,643,3,0.3561430793157076,False,0,0.0,0,0,True,OK,normal
train,10027,10027.png,229,637,3,0.35949764521193095,False,0,0.0,0,0,True,OK,normal
train,10028,10028.png,229,643,3,0.3561430793157076,True,989,0.671660543168961,1,989,True,OK,small
train,10029,10029.png,229,629,3,0.3640699523052464,False,0,0.0,0,0,True,OK,normal
train,10030,10030.png,232,637,3,0.3642072213500785,False,0,0.0,0,0,True,OK,normal
train,10031,10031.png,230,647,3,0.3554868624420402,False,0,0.0,0,0,True,OK,normal
train,10032,10032.png,228,646,3,0.35294117647058826,False,0,0.0,0,0,True,OK,normal
train,10033,10033.png,230,633,3,0.36334913112164297,False,0,0.0,0,0,True,OK,normal
train,10034,10034.png,229,626,3,0.365814696485623,False,0,0.0,0,0,True,OK,normal
train,10035,10035.png,229,635,3,0.3606299212598425,False,0,0.0,0,0,True,OK,normal
train,10036,10036.png,231,642,3,0.3598130841121495,False,0,0.0,0,0,True,OK,normal
train,10037,10037.png,228,637,3,0.3579277864992151,False,0,0.0,0,0,True,OK,normal
train,10038,10038.png,228,639,3,0.3568075117370892,False,0,0.0,0,0,True,OK,normal
train,10039,10039.png,231,638,3,0.3620689655172414,False,0,0.0,0,0,True,OK,normal
train,10040,10040.png,230,643,3,0.35769828926905134,False,0,0.0,0,0,True,OK,normal
train,10041,10041.png,228,646,3,0.35294117647058826,False,0,0.0,0,0,True,OK,normal
train,10042,10042.png,229,632,3,0.3623417721518987,False,0,0.0,0,0,True,OK,normal
train,10043,10043.png,231,647,3,0.357032457496136,False,0,0.0,0,0,True,OK,normal
train,10044,10044.png,231,626,3,0.36900958466453676,False,0,0.0,0,0,True,OK,normal
train,10045,10045.png,211,638,3,0.33072100313479624,True,23,0.017085382341143086,1,23,True,OK,small
train,10046,10046.png,205,635,3,0.3228346456692913,False,0,0.0,0,0,True,OK,normal
train,10047,10047.png,231,637,3,0.3626373626373626,True,19713,13.396807274358293,1,19713,True,OK,large
train,10048,10048.png,214,630,3,0.3396825396825397,False,0,0.0,0,0,True,OK,normal
train,10049,10049.png,229,635,3,0.3606299212598425,False,0,0.0,0,0,True,OK,normal
train,10050,10050.png,230,647,3,0.3554868624420402,False,0,0.0,0,0,True,OK,normal
train,10051,10051.png,228,629,3,0.3624801271860095,False,0,0.0,0,0,True,OK,normal
train,10052,10052.png,231,629,3,0.3672496025437202,False,0,0.0,0,0,True,OK,normal
train,10053,10053.png,230,642,3,0.3582554517133956,False,0,0.0,0,0,True,OK,normal
train,10054,10054.png,230,638,3,0.3605015673981191,False,0,0.0,0,0,True,OK,normal
train,10055,10055.png,229,640,3,0.3578125,False,0,0.0,0,0,True,OK,normal
train,10056,10056.png,230,609,3,0.37766830870279144,False,0,0.0,0,0,True,OK,normal
train,10057,10057.png,230,640,3,0.359375,True,1713,1.1637228260869565,1,1713,True,OK,medium
train,10058,10058.png,229,657,3,0.3485540334855403,False,0,0.0,0,0,True,OK,normal
train,10059,10059.png,229,643,3,0.3561430793157076,False,0,0.0,0,0,True,OK,normal
train,10060,10060.png,228,637,3,0.3579277864992151,True,1349,0.9288330716902147,1,1349,True,OK,small
train,10061,10061.png,230,637,3,0.36106750392464676,False,0,0.0,0,0,True,OK,normal
train,10062,10062.png,229,639,3,0.35837245696400627,False,0,0.0,0,0,True,OK,normal
train,10063,10063.png,230,638,3,0.3605015673981191,False,0,0.0,0,0,True,OK,normal
train,10064,10064.png,230,632,3,0.3639240506329114,False,0,0.0,0,0,True,OK,normal
train,10065,10065.png,229,641,3,0.35725429017160687,True,2527,1.7215186424050848,1,2527,True,OK,medium
train,10066,10066.png,231,641,3,0.36037441497659906,False,0,0.0,0,0,True,OK,normal
train,10067,10067.png,227,642,3,0.35358255451713394,False,0,0.0,0,0,True,OK,normal
train,10068,10068.png,227,636,3,0.35691823899371067,False,0,0.0,0,0,True,OK,normal
train,10069,10069.png,230,635,3,0.36220472440944884,False,0,0.0,0,0,True,OK,normal
train,10070,10070.png,232,636,3,0.36477987421383645,False,0,0.0,0,0,True,OK,normal
train,10071,10071.png,229,625,3,0.3664,False,0,0.0,0,0,True,OK,normal
train,10072,10072.png,228,645,3,0.35348837209302325,False,0,0.0,0,0,True,OK,normal
train,10073,10073.png,228,629,3,0.3624801271860095,False,0,0.0,0,0,True,OK,normal
train,10074,10074.png,229,642,3,0.35669781931464173,False,0,0.0,0,0,True,OK,normal
train,10075,10075.png,231,630,3,0.36666666666666664,False,0,0.0,0,0,True,OK,normal
train,10076,10076.png,229,632,3,0.3623417721518987,False,0,0.0,0,0,True,OK,normal
train,10077,10077.png,230,638,3,0.3605015673981191,False,0,0.0,0,0,True,OK,normal
train,10078,10078.png,230,632,3,0.3639240506329114,False,0,0.0,0,0,True,OK,normal
train,10079,10079.png,229,638,3,0.35893416927899685,False,0,0.0,0,0,True,OK,normal
train,10080,10080.png,230,637,3,0.36106750392464676,False,0,0.0,0,0,True,OK,normal
train,10081,10081.png,228,645,3,0.35348837209302325,False,0,0.0,0,0,True,OK,normal
train,10082,10082.png,231,630,3,0.36666666666666664,False,0,0.0,0,0,True,OK,normal
train,10083,10083.png,228,640,3,0.35625,False,0,0.0,0,0,True,OK,normal
train,10084,10084.png,231,619,3,0.37318255250403876,True,644,0.45038429529544227,1,644,True,OK,small
train,10085,10085.png,230,638,3,0.3605015673981191,False,0,0.0,0,0,True,OK,normal
train,10086,10086.png,230,637,3,0.36106750392464676,False,0,0.0,0,0,True,OK,normal
train,10087,10087.png,230,639,3,0.3599374021909233,False,0,0.0,0,0,True,OK,normal
train,10088,10088.png,232,634,3,0.3659305993690852,False,0,0.0,0,0,True,OK,normal
train,10089,10089.png,230,636,3,0.36163522012578614,False,0,0.0,0,0,True,OK,normal
train,10090,10090.png,230,637,3,0.36106750392464676,True,488,0.3330830660023207,1,488,True,OK,small
train,10091,10091.png,229,639,3,0.35837245696400627,False,0,0.0,0,0,True,OK,normal
train,10092,10092.png,230,637,3,0.36106750392464676,False,0,0.0,0,0,True,OK,normal
train,10093,10093.png,230,634,3,0.3627760252365931,False,0,0.0,0,0,True,OK,normal
train,10094,10094.png,228,635,3,0.3590551181102362,False,0,0.0,0,0,True,OK,normal
train,10095,10095.png,229,642,3,0.35669781931464173,False,0,0.0,0,0,True,OK,normal
train,10096,10096.png,229,633,3,0.3617693522906793,False,0,0.0,0,0,True,OK,normal
train,10097,10097.png,228,643,3,0.3545878693623639,False,0,0.0,0,0,True,OK,normal
train,10098,10098.png,229,641,3,0.35725429017160687,False,0,0.0,0,0,True,OK,normal
train,10099,10099.png,229,651,3,0.35176651305683565,False,0,0.0,0,0,True,OK,normal
train,10100,10100.png,230,634,3,0.3627760252365931,False,0,0.0,0,0,True,OK,normal
train,10101,10101.png,230,640,3,0.359375,False,0,0.0,0,0,True,OK,normal
train,10102,10102.png,231,637,3,0.3626373626373626,False,0,0.0,0,0,True,OK,normal
train,10103,10103.png,229,625,3,0.3664,False,0,0.0,0,0,True,OK,normal
train,10104,10104.png,229,630,3,0.3634920634920635,False,0,0.0,0,0,True,OK,normal
train,10105,10105.png,231,651,3,0.3548387096774194,False,0,0.0,0,0,True,OK,normal
train,10106,10106.png,231,640,3,0.3609375,False,0,0.0,0,0,True,OK,normal
train,10107,10107.png,231,636,3,0.3632075471698113,False,0,0.0,0,0,True,OK,normal
train,10108,10108.png,230,644,3,0.35714285714285715,False,0,0.0,0,0,True,OK,normal
train,10109,10109.png,231,641,3,0.36037441497659906,False,0,0.0,0,0,True,OK,normal
train,10110,10110.png,230,635,3,0.36220472440944884,False,0,0.0,0,0,True,OK,normal
train,10111,10111.png,214,649,3,0.32973805855161786,False,0,0.0,0,0,True,OK,normal
train,10112,10112.png,230,642,3,0.3582554517133956,False,0,0.0,0,0,True,OK,normal
train,10113,10113.png,230,641,3,0.358814352574103,False,0,0.0,0,0,True,OK,normal
train,10114,10114.png,227,632,3,0.35917721518987344,False,0,0.0,0,0,True,OK,normal
train,10115,10115.png,233,640,3,0.3640625,False,0,0.0,0,0,True,OK,normal
train,10116,10116.png,229,633,3,0.3617693522906793,False,0,0.0,0,0,True,OK,normal
train,10117,10117.png,227,642,3,0.35358255451713394,False,0,0.0,0,0,True,OK,normal
train,10118,10118.png,230,638,3,0.3605015673981191,False,0,0.0,0,0,True,OK,normal
train,10119,10119.png,227,639,3,0.35524256651017216,False,0,0.0,0,0,True,OK,normal
train,10120,10120.png,229,634,3,0.361198738170347,False,0,0.0,0,0,True,OK,normal
train,10121,10121.png,228,627,3,0.36363636363636365,False,0,0.0,0,0,True,OK,normal
train,10122,10122.png,231,639,3,0.3615023474178404,False,0,0.0,0,0,True,OK,normal
train,10123,10123.png,229,636,3,0.360062893081761,False,0,0.0,0,0,True,OK,normal
train,10124,10124.png,228,633,3,0.36018957345971564,False,0,0.0,0,0,True,OK,normal
train,10125,10125.png,228,641,3,0.35569422776911075,False,0,0.0,0,0,True,OK,normal
train,10126,10126.png,228,634,3,0.35962145110410093,False,0,0.0,0,0,True,OK,normal
train,10127,10127.png,227,637,3,0.3563579277864992,False,0,0.0,0,0,True,OK,normal
train,10128,10128.png,228,651,3,0.35023041474654376,False,0,0.0,0,0,True,OK,normal
train,10129,10129.png,232,633,3,0.3665086887835703,False,0,0.0,0,0,True,OK,normal
train,10130,10130.png,229,635,3,0.3606299212598425,False,0,0.0,0,0,True,OK,normal
train,10131,10131.png,229,636,3,0.360062893081761,False,0,0.0,0,0,True,OK,normal
train,10132,10132.png,228,638,3,0.3573667711598746,False,0,0.0,0,0,True,OK,normal
train,10133,10133.png,229,644,3,0.3555900621118012,False,0,0.0,0,0,True,OK,normal
train,10134,10134.png,228,637,3,0.3579277864992151,False,0,0.0,0,0,True,OK,normal
train,10135,10135.png,230,646,3,0.3560371517027864,True,3376,2.2721766051958543,1,3376,True,OK,medium
train,10136,10136.png,229,620,3,0.36935483870967745,False,0,0.0,0,0,True,OK,normal
train,10137,10137.png,227,646,3,0.35139318885448917,False,0,0.0,0,0,True,OK,normal
train,10138,10138.png,230,636,3,0.36163522012578614,False,0,0.0,0,0,True,OK,normal
train,10139,10139.png,231,646,3,0.35758513931888547,False,0,0.0,0,0,True,OK,normal
train,10140,10140.png,229,624,3,0.36698717948717946,False,0,0.0,0,0,True,OK,normal
train,10141,10141.png,228,635,3,0.3590551181102362,False,0,0.0,0,0,True,OK,normal
train,10142,10142.png,228,636,3,0.3584905660377358,False,0,0.0,0,0,True,OK,normal
train,10143,10143.png,230,644,3,0.35714285714285715,False,0,0.0,0,0,True,OK,normal
train,10144,10144.png,231,640,3,0.3609375,False,0,0.0,0,0,True,OK,normal
train,10145,10145.png,230,636,3,0.36163522012578614,True,1045,0.7143833743505605,1,1045,True,OK,small
train,10146,10146.png,230,633,3,0.36334913112164297,False,0,0.0,0,0,True,OK,normal
train,10147,10147.png,228,627,3,0.36363636363636365,False,0,0.0,0,0,True,OK,normal
train,10148,10148.png,205,635,3,0.3228346456692913,False,0,0.0,0,0,True,OK,normal
train,10149,10149.png,228,649,3,0.35130970724191063,False,0,0.0,0,0,True,OK,normal
train,10150,10150.png,229,633,3,0.3617693522906793,False,0,0.0,0,0,True,OK,normal
train,10151,10151.png,228,642,3,0.35514018691588783,False,0,0.0,0,0,True,OK,normal
train,10152,10152.png,231,634,3,0.3643533123028391,False,0,0.0,0,0,True,OK,normal
train,10153,10153.png,230,630,3,0.36507936507936506,False,0,0.0,0,0,True,OK,normal
train,10154,10154.png,231,621,3,0.3719806763285024,False,0,0.0,0,0,True,OK,normal
train,10155,10155.png,230,643,3,0.35769828926905134,False,0,0.0,0,0,True,OK,normal
train,10156,10156.png,216,633,3,0.3412322274881517,False,0,0.0,0,0,True,OK,normal
train,10157,10157.png,231,649,3,0.3559322033898305,True,7073,4.71788098906743,1,7073,True,OK,large
train,10158,10158.png,228,633,3,0.36018957345971564,False,0,0.0,0,0,True,OK,normal
train,10159,10159.png,229,646,3,0.3544891640866873,True,5895,3.984885151486474,1,5895,True,OK,large
train,10160,10160.png,230,638,3,0.3605015673981191,False,0,0.0,0,0,True,OK,normal
train,10161,10161.png,230,634,3,0.3627760252365931,False,0,0.0,0,0,True,OK,normal
train,10162,10162.png,228,639,3,0.3568075117370892,False,0,0.0,0,0,True,OK,normal
train,10163,10163.png,229,643,3,0.3561430793157076,False,0,0.0,0,0,True,OK,normal
train,10164,10164.png,231,645,3,0.3581395348837209,False,0,0.0,0,0,True,OK,normal
train,10165,10165.png,231,639,3,0.3615023474178404,False,0,0.0,0,0,True,OK,normal
train,10166,10166.png,231,636,3,0.3632075471698113,False,0,0.0,0,0,True,OK,normal
train,10167,10167.png,229,655,3,0.34961832061068704,False,0,0.0,0,0,True,OK,normal
train,10168,10168.png,228,632,3,0.36075949367088606,False,0,0.0,0,0,True,OK,normal
train,10169,10169.png,230,639,3,0.3599374021909233,False,0,0.0,0,0,True,OK,normal
train,10170,10170.png,229,631,3,0.3629160063391442,False,0,0.0,0,0,True,OK,normal
train,10171,10171.png,226,641,3,0.35257410296411856,False,0,0.0,0,0,True,OK,normal
train,10172,10172.png,229,648,3,0.3533950617283951,False,0,0.0,0,0,True,OK,normal
train,10173,10173.png,233,633,3,0.36808846761453395,False,0,0.0,0,0,True,OK,normal
train,10174,10174.png,228,647,3,0.35239567233384855,False,0,0.0,0,0,True,OK,normal
train,10175,10175.png,229,639,3,0.35837245696400627,False,0,0.0,0,0,True,OK,normal
train,10176,10176.png,229,638,3,0.35893416927899685,False,0,0.0,0,0,True,OK,normal
train,10177,10177.png,230,636,3,0.36163522012578614,False,0,0.0,0,0,True,OK,normal
train,10178,10178.png,229,632,3,0.3623417721518987,False,0,0.0,0,0,True,OK,normal
train,10179,10179.png,230,635,3,0.36220472440944884,False,0,0.0,0,0,True,OK,normal
train,10180,10180.png,231,638,3,0.3620689655172414,False,0,0.0,0,0,True,OK,normal
train,10181,10181.png,233,634,3,0.3675078864353312,False,0,0.0,0,0,True,OK,normal
train,10182,10182.png,230,640,3,0.359375,False,0,0.0,0,0,True,OK,normal
train,10183,10183.png,229,643,3,0.3561430793157076,False,0,0.0,0,0,True,OK,normal
train,10184,10184.png,232,631,3,0.3676703645007924,False,0,0.0,0,0,True,OK,normal
train,10185,10185.png,229,644,3,0.3555900621118012,False,0,0.0,0,0,True,OK,normal
train,10186,10186.png,233,644,3,0.36180124223602483,False,0,0.0,0,0,True,OK,normal
train,10187,10187.png,229,628,3,0.3646496815286624,False,0,0.0,0,0,True,OK,normal
train,10188,10188.png,232,640,3,0.3625,False,0,0.0,0,0,True,OK,normal
train,10189,10189.png,231,642,3,0.3598130841121495,False,0,0.0,0,0,True,OK,normal
train,10190,10190.png,231,635,3,0.3637795275590551,False,0,0.0,0,0,True,OK,normal
train,10191,10191.png,229,645,3,0.3550387596899225,False,0,0.0,0,0,True,OK,normal
train,10192,10192.png,228,636,3,0.3584905660377358,False,0,0.0,0,0,True,OK,normal
train,10193,10193.png,230,648,3,0.3549382716049383,False,0,0.0,0,0,True,OK,normal
train,10194,10194.png,229,636,3,0.360062893081761,False,0,0.0,0,0,True,OK,normal
train,10195,10195.png,229,627,3,0.3652312599681021,False,0,0.0,0,0,True,OK,normal
train,10196,10196.png,231,637,3,0.3626373626373626,False,0,0.0,0,0,True,OK,normal
train,10197,10197.png,228,635,3,0.3590551181102362,False,0,0.0,0,0,True,OK,normal
train,10198,10198.png,231,637,3,0.3626373626373626,False,0,0.0,0,0,True,OK,normal
train,10199,10199.png,230,628,3,0.3662420382165605,False,0,0.0,0,0,True,OK,normal
train,10200,10200.png,229,634,3,0.361198738170347,False,0,0.0,0,0,True,OK,normal
train,10201,10201.png,229,639,3,0.35837245696400627,True,9025,6.167524311321593,1,9025,True,OK,large
train,10202,10202.png,229,625,3,0.3664,False,0,0.0,0,0,True,OK,normal
train,10203,10203.png,229,633,3,0.3617693522906793,False,0,0.0,0,0,True,OK,normal
train,10204,10204.png,229,638,3,0.35893416927899685,False,0,0.0,0,0,True,OK,normal
train,10205,10205.png,231,642,3,0.3598130841121495,False,0,0.0,0,0,True,OK,normal
train,10206,10206.png,231,641,3,0.36037441497659906,True,7758,5.239378406305083,1,7758,True,OK,large
train,10207,10207.png,231,633,3,0.36492890995260663,False,0,0.0,0,0,True,OK,normal
train,10208,10208.png,228,627,3,0.36363636363636365,True,4451,3.113545426564817,1,4451,True,OK,large
train,10209,10209.png,231,647,3,0.357032457496136,False,0,0.0,0,0,True,OK,normal
train,10210,10210.png,231,640,3,0.3609375,False,0,0.0,0,0,True,OK,normal
train,10211,10211.png,229,632,3,0.3623417721518987,False,0,0.0,0,0,True,OK,normal
train,10212,10212.png,227,633,3,0.358609794628752,False,0,0.0,0,0,True,OK,normal
train,10213,10213.png,231,641,3,0.36037441497659906,False,0,0.0,0,0,True,OK,normal
train,10214,10214.png,229,632,3,0.3623417721518987,False,0,0.0,0,0,True,OK,normal
train,10215,10215.png,229,636,3,0.360062893081761,False,0,0.0,0,0,True,OK,normal
train,10216,10216.png,229,639,3,0.35837245696400627,False,0,0.0,0,0,True,OK,normal
train,10217,10217.png,229,645,3,0.3550387596899225,False,0,0.0,0,0,True,OK,normal
train,10218,10218.png,227,626,3,0.36261980830670926,False,0,0.0,0,0,True,OK,normal
train,10219,10219.png,228,639,3,0.3568075117370892,False,0,0.0,0,0,True,OK,normal
train,10220,10220.png,229,646,3,0.3544891640866873,False,0,0.0,0,0,True,OK,normal
train,10221,10221.png,229,634,3,0.361198738170347,False,0,0.0,0,0,True,OK,normal
train,10222,10222.png,230,646,3,0.3560371517027864,False,0,0.0,0,0,True,OK,normal
train,10223,10223.png,231,648,3,0.35648148148148145,True,1475,0.9853829298273742,1,1475,True,OK,medium
train,10224,10224.png,229,639,3,0.35837245696400627,False,0,0.0,0,0,True,OK,normal
train,10225,10225.png,229,637,3,0.35949764521193095,False,0,0.0,0,0,True,OK,normal
train,10226,10226.png,230,646,3,0.3560371517027864,False,0,0.0,0,0,True,OK,normal
train,10227,10227.png,227,634,3,0.3580441640378549,False,0,0.0,0,0,True,OK,normal
train,10228,10228.png,230,638,3,0.3605015673981191,False,0,0.0,0,0,True,OK,normal
train,10229,10229.png,229,637,3,0.35949764521193095,False,0,0.0,0,0,True,OK,normal
train,10230,10230.png,229,640,3,0.3578125,False,0,0.0,0,0,True,OK,normal
train,10231,10231.png,231,637,3,0.3626373626373626,False,0,0.0,0,0,True,OK,normal
train,10232,10232.png,235,625,3,0.376,False,0,0.0,0,0,True,OK,normal
train,10233,10233.png,230,633,3,0.36334913112164297,False,0,0.0,0,0,True,OK,normal
train,10234,10234.png,230,641,3,0.358814352574103,False,0,0.0,0,0,True,OK,normal
train,10235,10235.png,229,633,3,0.3617693522906793,True,29837,20.583345405878987,1,29837,True,OK,large
train,10236,10236.png,228,636,3,0.3584905660377358,False,0,0.0,0,0,True,OK,normal
train,10237,10237.png,231,633,3,0.36492890995260663,False,0,0.0,0,0,True,OK,normal
train,10238,10238.png,229,633,3,0.3617693522906793,False,0,0.0,0,0,True,OK,normal
train,10239,10239.png,230,641,3,0.358814352574103,False,0,0.0,0,0,True,OK,normal
train,10240,10240.png,229,621,3,0.3687600644122383,False,0,0.0,0,0,True,OK,normal
train,10241,10241.png,228,633,3,0.36018957345971564,False,0,0.0,0,0,True,OK,normal
train,10242,10242.png,230,639,3,0.3599374021909233,False,0,0.0,0,0,True,OK,normal
train,10243,10243.png,229,621,3,0.3687600644122383,False,0,0.0,0,0,True,OK,normal
train,10244,10244.png,231,642,3,0.3598130841121495,True,1572,1.0599991908403124,1,1572,True,OK,medium
train,10245,10245.png,230,625,3,0.368,False,0,0.0,0,0,True,OK,normal
train,10246,10246.png,229,638,3,0.35893416927899685,False,0,0.0,0,0,True,OK,normal
train,10247,10247.png,228,637,3,0.3579277864992151,True,5876,4.045828857858933,2,5874,True,OK,large
train,10248,10248.png,230,644,3,0.35714285714285715,False,0,0.0,0,0,True,OK,normal
train,10249,10249.png,229,632,3,0.3623417721518987,False,0,0.0,0,0,True,OK,normal
train,10250,10250.png,230,632,3,0.3639240506329114,False,0,0.0,0,0,True,OK,normal
train,10251,10251.png,228,635,3,0.3590551181102362,False,0,0.0,0,0,True,OK,normal
train,10252,10252.png,231,635,3,0.3637795275590551,False,0,0.0,0,0,True,OK,normal
train,10253,10253.png,229,634,3,0.361198738170347,False,0,0.0,0,0,True,OK,normal
train,10254,10254.png,228,637,3,0.3579277864992151,True,1383,0.9522432454763282,1,1383,True,OK,small
train,10255,10255.png,230,640,3,0.359375,False,0,0.0,0,0,True,OK,normal
train,10256,10256.png,227,627,3,0.3620414673046252,False,0,0.0,0,0,True,OK,normal
train,10257,10257.png,228,644,3,0.35403726708074534,False,0,0.0,0,0,True,OK,normal
train,10258,10258.png,230,640,3,0.359375,True,8343,5.6677989130434785,1,8343,True,OK,large
train,10259,10259.png,207,635,3,0.32598425196850395,False,0,0.0,0,0,True,OK,normal
train,10260,10260.png,230,637,3,0.36106750392464676,False,0,0.0,0,0,True,OK,normal
train,10261,10261.png,229,625,3,0.3664,False,0,0.0,0,0,True,OK,normal
train,10262,10262.png,231,647,3,0.357032457496136,False,0,0.0,0,0,True,OK,normal
train,10263,10263.png,228,638,3,0.3573667711598746,False,0,0.0,0,0,True,OK,normal
train,10264,10264.png,227,634,3,0.3580441640378549,False,0,0.0,0,0,True,OK,normal
train,10265,10265.png,230,622,3,0.36977491961414793,False,0,0.0,0,0,True,OK,normal
train,10266,10266.png,224,635,3,0.352755905511811,True,291,0.2045838020247469,1,291,True,OK,small
train,10267,10267.png,230,638,3,0.3605015673981191,False,0,0.0,0,0,True,OK,normal
train,10268,10268.png,230,647,3,0.3554868624420402,False,0,0.0,0,0,True,OK,normal
train,10269,10269.png,231,635,3,0.3637795275590551,False,0,0.0,0,0,True,OK,normal
train,10270,10270.png,229,639,3,0.35837245696400627,False,0,0.0,0,0,True,OK,normal
train,10271,10271.png,230,632,3,0.3639240506329114,False,0,0.0,0,0,True,OK,normal
train,10272,10272.png,228,645,3,0.35348837209302325,False,0,0.0,0,0,True,OK,normal
train,10273,10273.png,230,641,3,0.358814352574103,True,6535,4.4326120870921795,1,6535,True,OK,large
train,10274,10274.png,229,635,3,0.3606299212598425,False,0,0.0,0,0,True,OK,normal
train,10275,10275.png,231,629,3,0.3672496025437202,False,0,0.0,0,0,True,OK,normal
train,10276,10276.png,230,629,3,0.3656597774244833,False,0,0.0,0,0,True,OK,normal
train,10277,10277.png,230,632,3,0.3639240506329114,False,0,0.0,0,0,True,OK,normal
train,10278,10278.png,230,635,3,0.36220472440944884,False,0,0.0,0,0,True,OK,normal
train,10279,10279.png,232,606,3,0.38283828382838286,False,0,0.0,0,0,True,OK,normal
train,10280,10280.png,230,640,3,0.359375,False,0,0.0,0,0,True,OK,normal
train,10281,10281.png,231,618,3,0.3737864077669903,True,4825,3.3798456128553216,1,4825,True,OK,large
train,10282,10282.png,230,644,3,0.35714285714285715,False,0,0.0,0,0,True,OK,normal
train,10283,10283.png,227,634,3,0.3580441640378549,False,0,0.0,0,0,True,OK,normal
train,10284,10284.png,213,644,3,0.3307453416149068,False,0,0.0,0,0,True,OK,normal
train,10285,10285.png,222,636,3,0.3490566037735849,False,0,0.0,0,0,True,OK,normal
train,10286,10286.png,228,641,3,0.35569422776911075,False,0,0.0,0,0,True,OK,normal
train,10287,10287.png,234,641,3,0.36505460218408736,False,0,0.0,0,0,True,OK,normal
train,10288,10288.png,226,632,3,0.3575949367088608,False,0,0.0,0,0,True,OK,normal
train,10289,10289.png,229,630,3,0.3634920634920635,False,0,0.0,0,0,True,OK,normal
train,10290,10290.png,233,644,3,0.36180124223602483,False,0,0.0,0,0,True,OK,normal
train,10291,10291.png,227,635,3,0.35748031496062993,False,0,0.0,0,0,True,OK,normal
train,10292,10292.png,230,640,3,0.359375,False,0,0.0,0,0,True,OK,normal
train,10293,10293.png,225,647,3,0.34775888717156106,False,0,0.0,0,0,True,OK,normal
train,10294,10294.png,226,628,3,0.35987261146496813,False,0,0.0,0,0,True,OK,normal
train,10295,10295.png,233,639,3,0.3646322378716745,False,0,0.0,0,0,True,OK,normal
train,10296,10296.png,232,645,3,0.35968992248062015,False,0,0.0,0,0,True,OK,normal
train,10297,10297.png,231,633,3,0.36492890995260663,False,0,0.0,0,0,True,OK,normal
train,10298,10298.png,229,631,3,0.3629160063391442,False,0,0.0,0,0,True,OK,normal
train,10299,10299.png,234,647,3,0.3616692426584235,False,0,0.0,0,0,True,OK,normal
train,10300,10300.png,229,631,3,0.3629160063391442,False,0,0.0,0,0,True,OK,normal
train,10301 (copy),10301 (copy).png,233,645,3,0.3612403100775194,False,0,0.0,0,0,True,OK,normal
train,10301,10301.png,233,645,3,0.3612403100775194,True,5113,3.4022024819509595,1,5113,True,OK,large
train,10302,10302.png,229,641,3,0.35725429017160687,False,0,0.0,0,0,True,OK,normal
train,10303,10303.png,204,630,3,0.3238095238095238,False,0,0.0,0,0,True,OK,normal
train,10304,10304.png,231,642,3,0.3598130841121495,True,444,0.2993890844358134,1,444,True,OK,small
train,10305,10305.png,228,636,3,0.3584905660377358,False,0,0.0,0,0,True,OK,normal
train,10306,10306.png,231,624,3,0.3701923076923077,True,14386,9.98029748029748,1,14386,True,OK,large
train,10307,10307.png,235,640,3,0.3671875,False,0,0.0,0,0,True,OK,normal
train,10308,10308.png,227,641,3,0.3541341653666147,True,12008,8.252523933556462,2,12005,True,OK,large
train,10309,10309.png,227,635,3,0.35748031496062993,True,43011,29.838704082694512,1,43011,True,OK,large
train,10310,10310.png,229,640,3,0.3578125,False,0,0.0,0,0,True,OK,normal
train,10311,10311.png,230,635,3,0.36220472440944884,False,0,0.0,0,0,True,OK,normal
train,10312,10312.png,231,639,3,0.3615023474178404,True,6655,4.5085326775467625,2,5264,True,OK,large
train,10313,10313.png,232,631,3,0.3676703645007924,False,0,0.0,0,0,True,OK,normal
train,10314,10314.png,232,636,3,0.36477987421383645,False,0,0.0,0,0,True,OK,normal
train,10315,10315.png,230,643,3,0.35769828926905134,False,0,0.0,0,0,True,OK,normal
train,10316,10316.png,231,637,3,0.3626373626373626,False,0,0.0,0,0,True,OK,normal
train,10317,10317.png,230,636,3,0.36163522012578614,False,0,0.0,0,0,True,OK,normal
train,10318,10318.png,231,640,3,0.3609375,False,0,0.0,0,0,True,OK,normal
train,10319,10319.png,224,631,3,0.3549920760697306,False,0,0.0,0,0,True,OK,normal
train,10320,10320.png,226,632,3,0.3575949367088608,False,0,0.0,0,0,True,OK,normal
train,10321,10321.png,226,632,3,0.3575949367088608,False,0,0.0,0,0,True,OK,normal
train,10322,10322.png,230,635,3,0.36220472440944884,False,0,0.0,0,0,True,OK,normal
train,10323,10323.png,228,638,3,0.3573667711598746,False,0,0.0,0,0,True,OK,normal
train,10324,10324.png,229,628,3,0.3646496815286624,False,0,0.0,0,0,True,OK,normal
train,10325,10325.png,234,644,3,0.36335403726708076,False,0,0.0,0,0,True,OK,normal
train,10326,10326.png,230,633,3,0.36334913112164297,False,0,0.0,0,0,True,OK,normal
train,10327,10327.png,232,639,3,0.36306729264475746,False,0,0.0,0,0,True,OK,normal
train,10328,10328.png,231,641,3,0.36037441497659906,False,0,0.0,0,0,True,OK,normal
train,10329,10329.png,229,627,3,0.3652312599681021,False,0,0.0,0,0,True,OK,normal
train,10330,10330.png,228,636,3,0.3584905660377358,False,0,0.0,0,0,True,OK,normal
train,10331,10331.png,227,638,3,0.3557993730407524,False,0,0.0,0,0,True,OK,normal
train,10332,10332.png,234,636,3,0.36792452830188677,False,0,0.0,0,0,True,OK,normal
train,10333,10333.png,228,638,3,0.3573667711598746,False,0,0.0,0,0,True,OK,normal
train,10334,10334.png,231,633,3,0.36492890995260663,False,0,0.0,0,0,True,OK,normal
train,10335,10335.png,232,640,3,0.3625,True,372,0.25053879310344823,1,372,True,OK,small
train,10336,10336.png,228,632,3,0.36075949367088606,False,0,0.0,0,0,True,OK,normal
train,10337,10337.png,230,648,3,0.3549382716049383,True,1638,1.0990338164251208,1,1638,True,OK,medium
train,10338,10338.png,224,624,3,0.358974358974359,False,0,0.0,0,0,True,OK,normal
train,10339,10339.png,233,635,3,0.3669291338582677,False,0,0.0,0,0,True,OK,normal
train,10340,10340.png,231,638,3,0.3620689655172414,False,0,0.0,0,0,True,OK,normal
train,10341,10341.png,224,633,3,0.353870458135861,False,0,0.0,0,0,True,OK,normal
train,10342,10342.png,230,642,3,0.3582554517133956,False,0,0.0,0,0,True,OK,normal
train,10343,10343.png,209,628,3,0.3328025477707006,False,0,0.0,0,0,True,OK,normal
train,10344,10344.png,230,634,3,0.3627760252365931,True,1275,0.8743656562885749,1,1275,True,OK,small
train,10345,10345.png,226,635,3,0.35590551181102364,True,649,0.45223329384711863,1,649,True,OK,small
train,10346,10346.png,233,633,3,0.36808846761453395,False,0,0.0,0,0,True,OK,normal
train,10347,10347.png,233,641,3,0.36349453978159124,False,0,0.0,0,0,True,OK,normal
train,10348,10348.png,229,637,3,0.35949764521193095,False,0,0.0,0,0,True,OK,normal
train,10349,10349.png,228,638,3,0.3573667711598746,False,0,0.0,0,0,True,OK,normal
train,10350,10350.png,231,638,3,0.3620689655172414,False,0,0.0,0,0,True,OK,normal
train,10351,10351.png,229,635,3,0.3606299212598425,False,0,0.0,0,0,True,OK,normal
train,10352,10352.png,231,634,3,0.3643533123028391,True,2408,1.6442022751171015,2,1229,True,OK,medium
train,10353,10353.png,206,634,3,0.3249211356466877,False,0,0.0,0,0,True,OK,normal
train,10354,10354.png,225,628,3,0.35828025477707004,True,1744,1.2342533616418967,1,1744,True,OK,medium
train,10355,10355.png,230,643,3,0.35769828926905134,False,0,0.0,0,0,True,OK,normal
train,10356,10356.png,230,642,3,0.3582554517133956,False,0,0.0,0,0,True,OK,normal
train,10357,10357.png,232,646,3,0.3591331269349845,False,0,0.0,0,0,True,OK,normal
train,10358,10358.png,225,641,3,0.35101404056162244,False,0,0.0,0,0,True,OK,normal
train,10359,10359.png,226,631,3,0.358161648177496,False,0,0.0,0,0,True,OK,normal
train,10360,10360.png,229,636,3,0.360062893081761,False,0,0.0,0,0,True,OK,normal
train,10361,10361.png,229,637,3,0.35949764521193095,False,0,0.0,0,0,True,OK,normal
train,10362,10362.png,223,642,3,0.34735202492211836,False,0,0.0,0,0,True,OK,normal
train,10363,10363.png,218,643,3,0.3390357698289269,False,0,0.0,0,0,True,OK,normal
train,10364,10364.png,234,629,3,0.37201907790143085,False,0,0.0,0,0,True,OK,normal
train,10365,10365.png,234,634,3,0.36908517350157727,False,0,0.0,0,0,True,OK,normal
train,10366,10366.png,228,643,3,0.3545878693623639,False,0,0.0,0,0,True,OK,normal
train,10367,10367.png,233,629,3,0.37042925278219396,True,601,0.4100793547902864,1,601,True,OK,small
train,10368,10368.png,212,644,3,0.32919254658385094,False,0,0.0,0,0,True,OK,normal
train,10369,10369.png,220,635,3,0.3464566929133858,False,0,0.0,0,0,True,OK,normal
train,10370,10370.png,230,638,3,0.3605015673981191,False,0,0.0,0,0,True,OK,normal
train,10371,10371.png,231,632,3,0.36550632911392406,False,0,0.0,0,0,True,OK,normal
train,10372,10372.png,229,634,3,0.361198738170347,False,0,0.0,0,0,True,OK,normal
train,10373,10373.png,230,640,3,0.359375,False,0,0.0,0,0,True,OK,normal
train,10374,10374.png,234,631,3,0.37083993660855785,False,0,0.0,0,0,True,OK,normal
train,10375,10375.png,227,637,3,0.3563579277864992,False,0,0.0,0,0,True,OK,normal
train,10376,10376.png,230,634,3,0.3627760252365931,False,0,0.0,0,0,True,OK,normal
train,10377,10377.png,232,643,3,0.3608087091757387,False,0,0.0,0,0,True,OK,normal
train,10378,10378.png,226,635,3,0.35590551181102364,False,0,0.0,0,0,True,OK,normal
train,10379,10379.png,234,626,3,0.3738019169329074,False,0,0.0,0,0,True,OK,normal
train,10380,10380.png,232,640,3,0.3625,False,0,0.0,0,0,True,OK,normal
train,10381,10381.png,228,640,3,0.35625,False,0,0.0,0,0,True,OK,normal
train,10382,10382.png,231,635,3,0.3637795275590551,True,13237,9.024099260319733,1,13237,True,OK,large
train,10383,10383.png,215,636,3,0.3380503144654088,True,1632,1.193505923650724,1,1632,True,OK,medium
train,10384,10384.png,227,624,3,0.36378205128205127,False,0,0.0,0,0,True,OK,normal
train,10385,10385.png,230,626,3,0.36741214057507987,False,0,0.0,0,0,True,OK,normal
train,10386,10386.png,231,638,3,0.3620689655172414,False,0,0.0,0,0,True,OK,normal
train,10387,10387.png,230,638,3,0.3605015673981191,False,0,0.0,0,0,True,OK,normal
train,10388,10388.png,228,636,3,0.3584905660377358,False,0,0.0,0,0,True,OK,normal
train,10389,10389.png,233,631,3,0.3692551505546751,False,0,0.0,0,0,True,OK,normal
train,10390,10390.png,228,630,3,0.3619047619047619,False,0,0.0,0,0,True,OK,normal
train,10391,10391.png,227,640,3,0.3546875,False,0,0.0,0,0,True,OK,normal
train,10392,10392.png,227,636,3,0.35691823899371067,False,0,0.0,0,0,True,OK,normal
train,10393,10393.png,227,638,3,0.3557993730407524,False,0,0.0,0,0,True,OK,normal
train,10394,10394.png,231,632,3,0.36550632911392406,False,0,0.0,0,0,True,OK,normal
train,10395,10395.png,224,639,3,0.350547730829421,False,0,0.0,0,0,True,OK,normal
train,10396,10396.png,230,623,3,0.36918138041733545,True,1759,1.2275804312931817,1,1759,True,OK,medium
train,10397,10397.png,230,632,3,0.3639240506329114,False,0,0.0,0,0,True,OK,normal
train,10398,10398.png,230,638,3,0.3605015673981191,False,0,0.0,0,0,True,OK,normal
train,10399,10399.png,229,632,3,0.3623417721518987,False,0,0.0,0,0,True,OK,normal
train,10400,10400.png,227,626,3,0.36261980830670926,False,0,0.0,0,0,True,OK,normal
train,10401,10401.png,232,645,3,0.35968992248062015,True,6010,4.0163058005880785,1,6010,True,OK,large
train,10402,10402.png,228,641,3,0.35569422776911075,True,1057,0.7232394558940253,1,1057,True,OK,small
train,10403,10403.png,234,648,3,0.3611111111111111,True,545,0.3594228131265168,1,545,True,OK,small
train,10404,10404.png,233,646,3,0.3606811145510836,False,0,0.0,0,0,True,OK,normal
train,10405,10405.png,233,648,3,0.3595679012345679,False,0,0.0,0,0,True,OK,normal
train,10406,10406.png,229,627,3,0.3652312599681021,False,0,0.0,0,0,True,OK,normal
train,10407,10407.png,228,640,3,0.35625,False,0,0.0,0,0,True,OK,normal
train,10408,10408.png,230,637,3,0.36106750392464676,False,0,0.0,0,0,True,OK,normal
train,10409,10409.png,230,641,3,0.358814352574103,False,0,0.0,0,0,True,OK,normal
train,10410,10410.png,227,639,3,0.35524256651017216,False,0,0.0,0,0,True,OK,normal
train,10411,10411.png,226,627,3,0.36044657097288674,False,0,0.0,0,0,True,OK,normal
train,10412,10412.png,228,639,3,0.3568075117370892,False,0,0.0,0,0,True,OK,normal
train,10413,10413.png,230,637,3,0.36106750392464676,False,0,0.0,0,0,True,OK,normal
train,10414,10414.png,222,630,3,0.3523809523809524,True,4373,3.126698126698127,1,4373,True,OK,large
train,10415,10415.png,228,629,3,0.3624801271860095,False,0,0.0,0,0,True,OK,normal
train,10416,10416.png,231,636,3,0.3632075471698113,False,0,0.0,0,0,True,OK,normal
train,10417,10417.png,223,628,3,0.35509554140127386,False,0,0.0,0,0,True,OK,normal
train,10418,10418.png,232,641,3,0.3619344773790952,False,0,0.0,0,0,True,OK,normal
train,10419,10419.png,229,634,3,0.361198738170347,False,0,0.0,0,0,True,OK,normal
train,10420,10420.png,227,622,3,0.364951768488746,False,0,0.0,0,0,True,OK,normal
train,10421,10421.png,230,641,3,0.358814352574103,True,3177,2.1549209794478736,1,3177,True,OK,medium
train,10422,10422.png,225,641,3,0.35101404056162244,False,0,0.0,0,0,True,OK,normal
train,10423,10423.png,231,640,3,0.3609375,True,2891,1.955492424242424,2,1678,True,OK,medium
train,10424,10424.png,225,650,3,0.34615384615384615,False,0,0.0,0,0,True,OK,normal
train,10425,10425.png,227,638,3,0.3557993730407524,False,0,0.0,0,0,True,OK,normal
train,10426,10426.png,229,640,3,0.3578125,True,1549,1.0569050218340612,1,1549,True,OK,medium
train,10427,10427.png,234,632,3,0.370253164556962,False,0,0.0,0,0,True,OK,normal
train,10428,10428.png,229,634,3,0.361198738170347,False,0,0.0,0,0,True,OK,normal
train,10429,10429.png,229,640,3,0.3578125,False,0,0.0,0,0,True,OK,normal
train,10430,10430.png,226,633,3,0.3570300157977883,False,0,0.0,0,0,True,OK,normal
train,10431,10431.png,229,639,3,0.35837245696400627,False,0,0.0,0,0,True,OK,normal
train,10432,10432.png,226,638,3,0.3542319749216301,False,0,0.0,0,0,True,OK,normal
train,10433,10433.png,232,645,3,0.35968992248062015,False,0,0.0,0,0,True,OK,normal
train,10434,10434.png,226,640,3,0.353125,False,0,0.0,0,0,True,OK,normal
train,10435,10435.png,229,626,3,0.365814696485623,False,0,0.0,0,0,True,OK,normal
train,10436,10436.png,227,635,3,0.35748031496062993,False,0,0.0,0,0,True,OK,normal
train,10437,10437.png,232,633,3,0.3665086887835703,False,0,0.0,0,0,True,OK,normal
train,10438,10438.png,228,633,3,0.36018957345971564,False,0,0.0,0,0,True,OK,normal
train,10439,10439.png,230,638,3,0.3605015673981191,False,0,0.0,0,0,True,OK,normal
train,10440,10440.png,227,644,3,0.35248447204968947,False,0,0.0,0,0,True,OK,normal
train,10441,10441.png,233,644,3,0.36180124223602483,False,0,0.0,0,0,True,OK,normal
train,10442,10442.png,229,629,3,0.3640699523052464,False,0,0.0,0,0,True,OK,normal
train,10443,10443.png,229,644,3,0.3555900621118012,False,0,0.0,0,0,True,OK,normal
train,10444,10444.png,231,637,3,0.3626373626373626,False,0,0.0,0,0,True,OK,normal
train,10445,10445.png,233,633,3,0.36808846761453395,False,0,0.0,0,0,True,OK,normal
train,10446,10446.png,234,642,3,0.3644859813084112,False,0,0.0,0,0,True,OK,normal
train,10447,10447.png,234,639,3,0.36619718309859156,False,0,0.0,0,0,True,OK,normal
train,10448,10448.png,226,640,3,0.353125,False,0,0.0,0,0,True,OK,normal
train,10449,10449.png,228,637,3,0.3579277864992151,False,0,0.0,0,0,True,OK,normal
train,10450,10450.png,233,634,3,0.3675078864353312,False,0,0.0,0,0,True,OK,normal
train,10451,10451.png,228,613,3,0.3719412724306688,False,0,0.0,0,0,True,OK,normal
train,10452,10452.png,226,630,3,0.35873015873015873,False,0,0.0,0,0,True,OK,normal
train,10453,10453.png,234,638,3,0.3667711598746082,False,0,0.0,0,0,True,OK,normal
train,10454,10454.png,230,645,3,0.35658914728682173,False,0,0.0,0,0,True,OK,normal
train,10455,10455.png,231,636,3,0.3632075471698113,False,0,0.0,0,0,True,OK,normal
train,10456,10456.png,229,637,3,0.35949764521193095,False,0,0.0,0,0,True,OK,normal
train,10457,10457.png,229,637,3,0.35949764521193095,True,515,0.35304682840553087,1,515,True,OK,small
train,10458,10458.png,231,639,3,0.3615023474178404,False,0,0.0,0,0,True,OK,normal
train,10459,10459.png,228,626,3,0.36421725239616615,False,0,0.0,0,0,True,OK,normal
train,10460,10460.png,226,632,3,0.3575949367088608,False,0,0.0,0,0,True,OK,normal
train,10461,10461.png,230,642,3,0.3582554517133956,False,0,0.0,0,0,True,OK,normal
train,10462,10462.png,233,632,3,0.3686708860759494,False,0,0.0,0,0,True,OK,normal
train,10463,10463.png,234,639,3,0.36619718309859156,False,0,0.0,0,0,True,OK,normal
train,10464,10464.png,232,643,3,0.3608087091757387,False,0,0.0,0,0,True,OK,normal
train,10465,10465.png,226,641,3,0.35257410296411856,False,0,0.0,0,0,True,OK,normal
train,10466,10466.png,219,640,3,0.3421875,True,3355,2.3936929223744294,1,3355,True,OK,medium
train,10467,10467.png,215,634,3,0.3391167192429022,False,0,0.0,0,0,True,OK,normal
train,10468,10468.png,233,638,3,0.3652037617554859,False,0,0.0,0,0,True,OK,normal
train,10469,10469.png,229,639,3,0.35837245696400627,False,0,0.0,0,0,True,OK,normal
train,10470,10470.png,233,642,3,0.3629283489096573,False,0,0.0,0,0,True,OK,normal
train,10471,10471.png,230,637,3,0.36106750392464676,False,0,0.0,0,0,True,OK,normal
train,10472,10472.png,232,639,3,0.36306729264475746,False,0,0.0,0,0,True,OK,normal
train,10473,10473.png,206,632,3,0.3259493670886076,False,0,0.0,0,0,True,OK,normal
train,10474,10474.png,234,640,3,0.365625,False,0,0.0,0,0,True,OK,normal
train,10475,10475.png,226,657,3,0.3439878234398782,False,0,0.0,0,0,True,OK,normal
train,10476,10476.png,230,638,3,0.3605015673981191,False,0,0.0,0,0,True,OK,normal
train,10477,10477.png,231,638,3,0.3620689655172414,False,0,0.0,0,0,True,OK,normal
train,10478,10478.png,229,636,3,0.360062893081761,True,8494,5.83202878251078,1,8494,True,OK,large
train,10479,10479.png,229,636,3,0.360062893081761,False,0,0.0,0,0,True,OK,normal
train,10480,10480.png,228,628,3,0.3630573248407643,False,0,0.0,0,0,True,OK,normal
train,10481,10481.png,232,639,3,0.36306729264475746,False,0,0.0,0,0,True,OK,normal
train,10482,10482.png,229,624,3,0.36698717948717946,False,0,0.0,0,0,True,OK,normal
train,10483,10483.png,229,637,3,0.35949764521193095,False,0,0.0,0,0,True,OK,normal
train,10484,10484.png,206,640,3,0.321875,False,0,0.0,0,0,True,OK,normal
train,10485,10485.png,230,645,3,0.35658914728682173,False,0,0.0,0,0,True,OK,normal
train,10486,10486.png,225,634,3,0.3548895899053628,False,0,0.0,0,0,True,OK,normal
train,10487,10487.png,207,636,3,0.32547169811320753,True,695,0.5279069060857412,1,695,True,OK,small
train,10488,10488.png,230,629,3,0.3656597774244833,False,0,0.0,0,0,True,OK,normal
train,10489,10489.png,233,642,3,0.3629283489096573,False,0,0.0,0,0,True,OK,normal
train,10490,10490.png,229,632,3,0.3623417721518987,False,0,0.0,0,0,True,OK,normal
train,10491,10491.png,226,635,3,0.35590551181102364,False,0,0.0,0,0,True,OK,normal
train,10492,10492.png,229,639,3,0.35837245696400627,False,0,0.0,0,0,True,OK,normal
train,10493,10493.png,233,643,3,0.36236391912908245,False,0,0.0,0,0,True,OK,normal
train,10494,10494.png,230,634,3,0.3627760252365931,False,0,0.0,0,0,True,OK,normal
train,10495,10495.png,230,635,3,0.36220472440944884,False,0,0.0,0,0,True,OK,normal
train,10496,10496.png,228,643,3,0.3545878693623639,False,0,0.0,0,0,True,OK,normal
train,10497,10497.png,229,638,3,0.35893416927899685,False,0,0.0,0,0,True,OK,normal
train,10498,10498.png,231,637,3,0.3626373626373626,False,0,0.0,0,0,True,OK,normal
train,10499,10499.png,218,648,3,0.33641975308641975,True,2660,1.8829992071582287,1,2660,True,OK,medium
train,10500,10500.png,231,637,3,0.3626373626373626,False,0,0.0,0,0,True,OK,normal
train,10501,10501.png,229,639,3,0.35837245696400627,False,0,0.0,0,0,True,OK,normal
train,10502,10502.png,228,645,3,0.35348837209302325,True,232,0.15775873793009654,1,232,True,OK,small
train,10503,10503.png,232,633,3,0.3665086887835703,False,0,0.0,0,0,True,OK,normal
train,10504,10504.png,230,635,3,0.36220472440944884,False,0,0.0,0,0,True,OK,normal
train,10505,10505.png,233,646,3,0.3606811145510836,False,0,0.0,0,0,True,OK,normal
train,10506,10506.png,231,645,3,0.3581395348837209,True,959,0.6436457599248298,1,959,True,OK,small
train,10507,10507.png,235,640,3,0.3671875,False,0,0.0,0,0,True,OK,normal
train,10508,10508.png,231,638,3,0.3620689655172414,False,0,0.0,0,0,True,OK,normal
train,10509,10509.png,215,641,3,0.33541341653666146,False,0,0.0,0,0,True,OK,normal
train,10510,10510.png,231,641,3,0.36037441497659906,False,0,0.0,0,0,True,OK,normal
train,10511,10511.png,227,635,3,0.35748031496062993,False,0,0.0,0,0,True,OK,normal
train,10512,10512.png,232,642,3,0.3613707165109034,False,0,0.0,0,0,True,OK,normal
train,10513,10513.png,230,633,3,0.36334913112164297,False,0,0.0,0,0,True,OK,normal
train,10514,10514.png,228,637,3,0.3579277864992151,True,1335,0.9191935883665207,1,1335,True,OK,small
train,10515,10515.png,228,628,3,0.3630573248407643,False,0,0.0,0,0,True,OK,normal
train,10516,10516.png,232,633,3,0.3665086887835703,True,8360,5.692651304679414,1,8360,True,OK,large
train,10517,10517.png,233,645,3,0.3612403100775194,False,0,0.0,0,0,True,OK,normal
train,10518,10518.png,230,635,3,0.36220472440944884,False,0,0.0,0,0,True,OK,normal
train,10519,10519.png,231,637,3,0.3626373626373626,False,0,0.0,0,0,True,OK,normal
train,10520,10520.png,228,636,3,0.3584905660377358,False,0,0.0,0,0,True,OK,normal
train,10521,10521.png,229,632,3,0.3623417721518987,False,0,0.0,0,0,True,OK,normal
train,10522,10522.png,229,637,3,0.35949764521193095,False,0,0.0,0,0,True,OK,normal
train,10523,10523.png,227,638,3,0.3557993730407524,False,0,0.0,0,0,True,OK,normal
train,10524,10524.png,231,636,3,0.3632075471698113,False,0,0.0,0,0,True,OK,normal
train,10525,10525.png,227,629,3,0.36089030206677264,False,0,0.0,0,0,True,OK,normal
train,10526,10526.png,227,631,3,0.35974643423137875,False,0,0.0,0,0,True,OK,normal
train,10527,10527.png,229,628,3,0.3646496815286624,False,0,0.0,0,0,True,OK,normal
train,10528,10528.png,228,637,3,0.3579277864992151,False,0,0.0,0,0,True,OK,normal
train,10529,10529.png,230,644,3,0.35714285714285715,False,0,0.0,0,0,True,OK,normal
train,10530,10530.png,227,636,3,0.35691823899371067,False,0,0.0,0,0,True,OK,normal
train,10531,10531.png,228,645,3,0.35348837209302325,False,0,0.0,0,0,True,OK,normal
train,10532,10532.png,239,639,3,0.37402190923317685,False,0,0.0,0,0,True,OK,normal
train,10533,10533.png,227,643,3,0.35303265940902023,False,0,0.0,0,0,True,OK,normal
train,10534,10534.png,229,631,3,0.3629160063391442,False,0,0.0,0,0,True,OK,normal
train,10535,10535.png,231,629,3,0.3672496025437202,False,0,0.0,0,0,True,OK,normal
train,10536,10536.png,228,643,3,0.3545878693623639,True,4893,3.337562413031022,1,4893,True,OK,large
train,10537,10537.png,229,631,3,0.3629160063391442,False,0,0.0,0,0,True,OK,normal
train,10538,10538.png,234,639,3,0.36619718309859156,False,0,0.0,0,0,True,OK,normal
train,10539,10539.png,232,632,3,0.3670886075949367,False,0,0.0,0,0,True,OK,normal
train,10540,10540.png,236,633,3,0.37282780410742494,False,0,0.0,0,0,True,OK,normal
train,10541,10541.png,226,628,3,0.35987261146496813,False,0,0.0,0,0,True,OK,normal
train,10542,10542.png,229,634,3,0.361198738170347,False,0,0.0,0,0,True,OK,normal
train,10543,10543.png,228,638,3,0.3573667711598746,False,0,0.0,0,0,True,OK,normal
train,10544,10544.png,226,640,3,0.353125,False,0,0.0,0,0,True,OK,normal
train,10545,10545.png,230,639,3,0.3599374021909233,False,0,0.0,0,0,True,OK,normal
train,10546,10546.png,231,638,3,0.3620689655172414,False,0,0.0,0,0,True,OK,normal
train,10547,10547.png,227,640,3,0.3546875,False,0,0.0,0,0,True,OK,normal
train,10548,10548.png,230,636,3,0.36163522012578614,False,0,0.0,0,0,True,OK,normal
train,10549,10549.png,231,637,3,0.3626373626373626,False,0,0.0,0,0,True,OK,normal
train,10550,10550.png,231,637,3,0.3626373626373626,False,0,0.0,0,0,True,OK,normal
train,10551,10551.png,235,637,3,0.36891679748822603,False,0,0.0,0,0,True,OK,normal
train,10552,10552.png,226,634,3,0.35646687697160884,False,0,0.0,0,0,True,OK,normal
train,10553,10553.png,210,635,3,0.33070866141732286,False,0,0.0,0,0,True,OK,normal
train,10554,10554.png,232,629,3,0.3688394276629571,True,1261,0.8641247738610821,1,1261,True,OK,small
train,10555,10555.png,229,631,3,0.3629160063391442,False,0,0.0,0,0,True,OK,normal
train,10556,10556.png,231,643,3,0.359253499222395,False,0,0.0,0,0,True,OK,normal
train,10557,10557.png,225,635,3,0.3543307086614173,True,1434,1.0036745406824148,1,1434,True,OK,medium
train,10558,10558.png,224,633,3,0.353870458135861,False,0,0.0,0,0,True,OK,normal
train,10559,10559.png,229,635,3,0.3606299212598425,False,0,0.0,0,0,True,OK,normal
train,10560,10560.png,224,633,3,0.353870458135861,False,0,0.0,0,0,True,OK,normal
train,10561,10561.png,228,634,3,0.35962145110410093,False,0,0.0,0,0,True,OK,normal
train,10562,10562.png,231,627,3,0.3684210526315789,False,0,0.0,0,0,True,OK,normal
train,10563,10563.png,231,631,3,0.36608557844690964,False,0,0.0,0,0,True,OK,normal
train,10564,10564.png,227,635,3,0.35748031496062993,False,0,0.0,0,0,True,OK,normal
train,10565,10565.png,227,638,3,0.3557993730407524,False,0,0.0,0,0,True,OK,normal
train,10566,10566.png,229,638,3,0.35893416927899685,False,0,0.0,0,0,True,OK,normal
train,10567,10567.png,231,638,3,0.3620689655172414,False,0,0.0,0,0,True,OK,normal
train,10568,10568.png,231,638,3,0.3620689655172414,False,0,0.0,0,0,True,OK,normal
train,10569,10569.png,229,642,3,0.35669781931464173,True,8917,6.065243711654355,1,8917,True,OK,large
train,10570,10570.png,230,628,3,0.3662420382165605,False,0,0.0,0,0,True,OK,normal
train,10571,10571.png,231,635,3,0.3637795275590551,False,0,0.0,0,0,True,OK,normal
train,10572,10572.png,233,639,3,0.3646322378716745,False,0,0.0,0,0,True,OK,normal
train,10573,10573.png,228,631,3,0.3613312202852615,False,0,0.0,0,0,True,OK,normal
train,10574,10574.png,218,644,3,0.3385093167701863,True,5113,3.641945409994871,1,5113,True,OK,large
train,10575,10575.png,232,650,3,0.3569230769230769,False,0,0.0,0,0,True,OK,normal
train,10576,10576.png,230,643,3,0.35769828926905134,False,0,0.0,0,0,True,OK,normal
train,10577,10577.png,238,644,3,0.3695652173913043,False,0,0.0,0,0,True,OK,normal
train,10578,10578.png,228,638,3,0.3573667711598746,False,0,0.0,0,0,True,OK,normal
train,10579,10579.png,232,645,3,0.35968992248062015,False,0,0.0,0,0,True,OK,normal
train,10580,10580.png,230,647,3,0.3554868624420402,False,0,0.0,0,0,True,OK,normal
train,10581,10581.png,228,643,3,0.3545878693623639,False,0,0.0,0,0,True,OK,normal
train,10582,10582.png,227,639,3,0.35524256651017216,False,0,0.0,0,0,True,OK,normal
train,10583,10583.png,234,645,3,0.3627906976744186,True,504,0.33392963625521765,2,453,True,OK,small
train,10584,10584.png,234,643,3,0.36391912908242613,False,0,0.0,0,0,True,OK,normal
train,10585,10585.png,228,646,3,0.35294117647058826,True,8076,5.483135082287763,1,8076,True,OK,large
train,10586,10586.png,225,638,3,0.35266457680250785,False,0,0.0,0,0,True,OK,normal
train,10587,10587.png,230,636,3,0.36163522012578614,False,0,0.0,0,0,True,OK,normal
train,10588,10588.png,230,630,3,0.36507936507936506,False,0,0.0,0,0,True,OK,normal
train,10589,10589.png,228,632,3,0.36075949367088606,False,0,0.0,0,0,True,OK,normal
train,10590,10590.png,229,635,3,0.3606299212598425,False,0,0.0,0,0,True,OK,normal
train,10591,10591.png,221,633,3,0.34913112164297,False,0,0.0,0,0,True,OK,normal
train,10592,10592.png,228,638,3,0.3573667711598746,False,0,0.0,0,0,True,OK,normal
train,10593,10593.png,230,639,3,0.3599374021909233,False,0,0.0,0,0,True,OK,normal
train,10594,10594.png,231,646,3,0.35758513931888547,False,0,0.0,0,0,True,OK,normal
train,10595,10595.png,234,642,3,0.3644859813084112,False,0,0.0,0,0,True,OK,normal
train,10596,10596.png,230,644,3,0.35714285714285715,False,0,0.0,0,0,True,OK,normal
train,10597,10597.png,231,633,3,0.36492890995260663,False,0,0.0,0,0,True,OK,normal
train,10598,10598.png,226,634,3,0.35646687697160884,False,0,0.0,0,0,True,OK,normal
train,10599,10599.png,227,632,3,0.35917721518987344,False,0,0.0,0,0,True,OK,normal
train,10600,10600.png,233,635,3,0.3669291338582677,False,0,0.0,0,0,True,OK,normal
train,10601,10601.png,232,637,3,0.3642072213500785,False,0,0.0,0,0,True,OK,normal
train,10602,10602.png,229,644,3,0.3555900621118012,True,1428,0.9682931460034174,1,1428,True,OK,medium
train,10603,10603.png,227,631,3,0.35974643423137875,False,0,0.0,0,0,True,OK,normal
train,10604,10604.png,237,653,3,0.36294027565084225,False,0,0.0,0,0,True,OK,normal
train,10605,10605.png,225,639,3,0.352112676056338,False,0,0.0,0,0,True,OK,normal
train,10606,10606.png,229,640,3,0.3578125,False,0,0.0,0,0,True,OK,normal
train,10607,10607.png,231,631,3,0.36608557844690964,False,0,0.0,0,0,True,OK,normal
train,10608,10608.png,230,643,3,0.35769828926905134,False,0,0.0,0,0,True,OK,normal
train,10609,10609.png,230,638,3,0.3605015673981191,False,0,0.0,0,0,True,OK,normal
train,10610,10610.png,233,638,3,0.3652037617554859,False,0,0.0,0,0,True,OK,normal
train,10611,10611.png,231,636,3,0.3632075471698113,False,0,0.0,0,0,True,OK,normal
train,10612,10612.png,219,633,3,0.3459715639810427,True,1358,0.9796071472368297,1,1358,True,OK,small
train,10613,10613.png,226,637,3,0.35478806907378335,False,0,0.0,0,0,True,OK,normal
train,10614,10614.png,232,640,3,0.3625,False,0,0.0,0,0,True,OK,normal
train,10615,10615.png,228,632,3,0.36075949367088606,False,0,0.0,0,0,True,OK,normal
train,10616,10616.png,227,638,3,0.3557993730407524,False,0,0.0,0,0,True,OK,normal
train,10617,10617.png,228,631,3,0.3613312202852615,False,0,0.0,0,0,True,OK,normal
train,10618,10618.png,228,636,3,0.3584905660377358,True,1738,1.1985545625068963,1,1738,True,OK,medium
train,10619,10619.png,232,643,3,0.3608087091757387,False,0,0.0,0,0,True,OK,normal
train,10620,10620.png,229,636,3,0.360062893081761,False,0,0.0,0,0,True,OK,normal
train,10621,10621.png,235,635,3,0.3700787401574803,False,0,0.0,0,0,True,OK,normal
train,10622,10622.png,228,640,3,0.35625,False,0,0.0,0,0,True,OK,normal
train,10623,10623.png,230,639,3,0.3599374021909233,False,0,0.0,0,0,True,OK,normal
train,10624,10624.png,231,644,3,0.358695652173913,False,0,0.0,0,0,True,OK,normal
train,10625,10625.png,224,637,3,0.3516483516483517,False,0,0.0,0,0,True,OK,normal
train,10626,10626.png,227,627,3,0.3620414673046252,False,0,0.0,0,0,True,OK,normal
train,10627,10627.png,235,642,3,0.3660436137071651,False,0,0.0,0,0,True,OK,normal
train,10628,10628.png,229,634,3,0.361198738170347,True,3863,2.6607248632788285,1,3863,True,OK,large
train,10629,10629.png,231,634,3,0.3643533123028391,False,0,0.0,0,0,True,OK,normal
train,10630,10630.png,232,625,3,0.3712,False,0,0.0,0,0,True,OK,normal
train,10631,10631.png,229,634,3,0.361198738170347,False,0,0.0,0,0,True,OK,normal
train,10632,10632.png,227,638,3,0.3557993730407524,False,0,0.0,0,0,True,OK,normal
train,10633,10633.png,225,633,3,0.35545023696682465,False,0,0.0,0,0,True,OK,normal
train,10634,10634.png,228,632,3,0.36075949367088606,False,0,0.0,0,0,True,OK,normal
train,10635,10635.png,234,637,3,0.3673469387755102,False,0,0.0,0,0,True,OK,normal
train,10636,10636.png,224,628,3,0.35668789808917195,False,0,0.0,0,0,True,OK,normal
train,10637,10637.png,229,637,3,0.35949764521193095,True,1397,0.9576823675388866,1,1397,True,OK,medium
train,10638,10638.png,192,646,3,0.29721362229102166,True,8788,7.0852683178534575,1,8788,True,OK,large
train,10639,10639.png,227,622,3,0.364951768488746,False,0,0.0,0,0,True,OK,normal
train,10640,10640.png,226,632,3,0.3575949367088608,False,0,0.0,0,0,True,OK,normal
train,10641,10641.png,227,634,3,0.3580441640378549,False,0,0.0,0,0,True,OK,normal
train,10642,10642.png,225,626,3,0.35942492012779553,False,0,0.0,0,0,True,OK,normal
train,10643,10643.png,235,640,3,0.3671875,False,0,0.0,0,0,True,OK,normal
train,10644,10644.png,234,643,3,0.36391912908242613,False,0,0.0,0,0,True,OK,normal
train,10645,10645.png,226,632,3,0.3575949367088608,False,0,0.0,0,0,True,OK,normal
train,10646,10646.png,226,626,3,0.3610223642172524,False,0,0.0,0,0,True,OK,normal
train,10647,10647.png,231,638,3,0.3620689655172414,True,794,0.5387506954905074,1,794,True,OK,small
train,10648,10648.png,228,638,3,0.3573667711598746,True,231,0.1588021778584392,1,231,True,OK,small
train,10649,10649.png,229,638,3,0.35893416927899685,False,0,0.0,0,0,True,OK,normal
train,10650,10650.png,229,642,3,0.35669781931464173,False,0,0.0,0,0,True,OK,normal
train,10651,10651.png,224,631,3,0.3549920760697306,False,0,0.0,0,0,True,OK,normal
train,10652,10652.png,225,638,3,0.35266457680250785,False,0,0.0,0,0,True,OK,normal
train,10653,10653.png,226,636,3,0.3553459119496855,False,0,0.0,0,0,True,OK,normal
train,10654,10654.png,233,636,3,0.3663522012578616,True,2349,1.5851485950279374,1,2349,True,OK,medium
train,10655,10655.png,222,630,3,0.3523809523809524,False,0,0.0,0,0,True,OK,normal
train,10656,10656.png,225,632,3,0.3560126582278481,False,0,0.0,0,0,True,OK,normal
train,10657,10657.png,229,634,3,0.361198738170347,False,0,0.0,0,0,True,OK,normal
train,10658,10658.png,228,645,3,0.35348837209302325,False,0,0.0,0,0,True,OK,normal
train,10659,10659.png,223,629,3,0.35453100158982515,True,962,0.685834872065418,1,962,True,OK,small
train,10660,10660.png,232,645,3,0.35968992248062015,False,0,0.0,0,0,True,OK,normal
train,10661,10661.png,233,624,3,0.3733974358974359,True,3118,2.144547155276769,1,3118,True,OK,medium
train,10662,10662.png,236,640,3,0.36875,False,0,0.0,0,0,True,OK,normal
train,10663,10663.png,237,640,3,0.3703125,True,1689,1.1135284810126582,1,1689,True,OK,medium
train,10664,10664.png,230,636,3,0.36163522012578614,False,0,0.0,0,0,True,OK,normal
train,10665,10665.png,235,640,3,0.3671875,False,0,0.0,0,0,True,OK,normal
train,10666,10666.png,237,647,3,0.366306027820711,False,0,0.0,0,0,True,OK,normal
train,10667,10667.png,232,626,3,0.3706070287539936,False,0,0.0,0,0,True,OK,normal
train,10668,10668.png,232,643,3,0.3608087091757387,False,0,0.0,0,0,True,OK,normal
train,10669,10669.png,235,628,3,0.37420382165605093,False,0,0.0,0,0,True,OK,normal
train,10670,10670.png,233,647,3,0.3601236476043277,False,0,0.0,0,0,True,OK,normal
train,10671,10671.png,229,630,3,0.3634920634920635,False,0,0.0,0,0,True,OK,normal
train,10672,10672.png,238,634,3,0.3753943217665615,True,3649,2.418285926357925,1,3649,True,OK,medium
train,10673,10673.png,227,636,3,0.35691823899371067,False,0,0.0,0,0,True,OK,normal
train,10674,10674.png,233,636,3,0.3663522012578616,False,0,0.0,0,0,True,OK,normal
train,10675,10675.png,228,628,3,0.3630573248407643,False,0,0.0,0,0,True,OK,normal
train,10676,10676.png,229,647,3,0.35394126738794435,False,0,0.0,0,0,True,OK,normal
train,10677,10677.png,235,639,3,0.3677621283255086,True,64,0.04261978490327307,1,64,True,OK,small
train,10678,10678.png,221,630,3,0.35079365079365077,True,2638,1.8947066005889535,1,2638,True,OK,medium
train,10679,10679.png,224,628,3,0.35668789808917195,False,0,0.0,0,0,True,OK,normal
train,10680,10680.png,226,639,3,0.3536776212832551,False,0,0.0,0,0,True,OK,normal
train,10681,10681.png,228,623,3,0.36597110754414125,False,0,0.0,0,0,True,OK,normal
train,10682,10682.png,227,639,3,0.35524256651017216,False,0,0.0,0,0,True,OK,normal
train,10683,10683.png,231,635,3,0.3637795275590551,False,0,0.0,0,0,True,OK,normal
train,10684,10684.png,226,639,3,0.3536776212832551,False,0,0.0,0,0,True,OK,normal
train,10685,10685.png,230,638,3,0.3605015673981191,False,0,0.0,0,0,True,OK,normal
train,10686,10686.png,231,637,3,0.3626373626373626,False,0,0.0,0,0,True,OK,normal
train,10687,10687.png,234,640,3,0.365625,False,0,0.0,0,0,True,OK,normal
train,10688,10688.png,233,649,3,0.35901386748844377,False,0,0.0,0,0,True,OK,normal
train,10689,10689.png,233,637,3,0.36577708006279436,False,0,0.0,0,0,True,OK,normal
train,10690,10690.png,232,644,3,0.36024844720496896,False,0,0.0,0,0,True,OK,normal
train,10691,10691.png,231,628,3,0.3678343949044586,False,0,0.0,0,0,True,OK,normal
train,10692,10692.png,227,641,3,0.3541341653666147,False,0,0.0,0,0,True,OK,normal
train,10693,10693.png,225,631,3,0.35657686212361334,False,0,0.0,0,0,True,OK,normal
train,10694,10694.png,230,637,3,0.36106750392464676,False,0,0.0,0,0,True,OK,normal
train,10695,10695.png,227,642,3,0.35358255451713394,True,1600,1.0978906775357844,2,1164,True,OK,medium
train,10696,10696.png,227,633,3,0.358609794628752,False,0,0.0,0,0,True,OK,normal
train,10697,10697.png,228,642,3,0.35514018691588783,False,0,0.0,0,0,True,OK,normal
train,10698,10698.png,229,636,3,0.360062893081761,False,0,0.0,0,0,True,OK,normal
train,10699,10699.png,226,631,3,0.358161648177496,False,0,0.0,0,0,True,OK,normal
train,10700,10700.png,231,640,3,0.3609375,False,0,0.0,0,0,True,OK,normal
train,10701,10701.png,207,634,3,0.3264984227129338,False,0,0.0,0,0,True,OK,normal
train,10702,10702.png,232,651,3,0.3563748079877112,False,0,0.0,0,0,True,OK,normal
train,10703,10703.png,234,653,3,0.35834609494640124,False,0,0.0,0,0,True,OK,normal
train,10704,10704.png,225,631,3,0.35657686212361334,False,0,0.0,0,0,True,OK,normal
train,10705,10705.png,222,641,3,0.3463338533541342,False,0,0.0,0,0,True,OK,normal
train,10706,10706.png,231,637,3,0.3626373626373626,False,0,0.0,0,0,True,OK,normal
train,10707,10707.png,233,639,3,0.3646322378716745,True,749,0.5030660836741959,1,749,True,OK,small
train,10708,10708.png,227,629,3,0.36089030206677264,False,0,0.0,0,0,True,OK,normal
train,10709,10709.png,227,638,3,0.3557993730407524,False,0,0.0,0,0,True,OK,normal
train,10710,10710.png,227,636,3,0.35691823899371067,False,0,0.0,0,0,True,OK,normal
train,10711,10711.png,233,629,3,0.37042925278219396,True,154,0.10507857011265241,1,154,True,OK,small
train,10712,10712.png,229,637,3,0.35949764521193095,True,6236,4.274951498906583,1,6236,True,OK,large
train,10713,10713.png,231,640,3,0.3609375,False,0,0.0,0,0,True,OK,normal
train,10714,10714.png,230,642,3,0.3582554517133956,True,606,0.41040227549776515,1,606,True,OK,small
train,10715,10715.png,227,633,3,0.358609794628752,False,0,0.0,0,0,True,OK,normal
train,10716,10716.png,229,623,3,0.36757624398073835,False,0,0.0,0,0,True,OK,normal
train,10717,10717.png,224,633,3,0.353870458135861,False,0,0.0,0,0,True,OK,normal
train,10718,10718.png,230,630,3,0.36507936507936506,False,0,0.0,0,0,True,OK,normal
train,10719,10719.png,230,629,3,0.3656597774244833,False,0,0.0,0,0,True,OK,normal
train,10720,10720.png,223,628,3,0.35509554140127386,False,0,0.0,0,0,True,OK,normal
train,10721,10721.png,233,633,3,0.36808846761453395,False,0,0.0,0,0,True,OK,normal
train,10722,10722.png,227,636,3,0.35691823899371067,False,0,0.0,0,0,True,OK,normal
train,10723,10723.png,229,643,3,0.3561430793157076,False,0,0.0,0,0,True,OK,normal
train,10724,10724.png,234,641,3,0.36505460218408736,False,0,0.0,0,0,True,OK,normal
train,10725,10725.png,229,627,3,0.3652312599681021,False,0,0.0,0,0,True,OK,normal
train,10726,10726.png,229,652,3,0.3512269938650307,False,0,0.0,0,0,True,OK,normal
train,10727,10727.png,232,640,3,0.3625,True,386,0.2599676724137931,1,386,True,OK,small
train,10728,10728.png,234,638,3,0.3667711598746082,False,0,0.0,0,0,True,OK,normal
train,10729,10729.png,232,640,3,0.3625,True,500,0.3367456896551724,1,500,True,OK,small
train,10730,10730.png,235,639,3,0.3677621283255086,False,0,0.0,0,0,True,OK,normal
train,10731,10731.png,235,644,3,0.36490683229813664,False,0,0.0,0,0,True,OK,normal
train,10732,10732.png,232,630,3,0.3682539682539683,False,0,0.0,0,0,True,OK,normal
train,10733,10733.png,223,648,3,0.3441358024691358,False,0,0.0,0,0,True,OK,normal
train,10734,10734.png,227,642,3,0.35358255451713394,False,0,0.0,0,0,True,OK,normal
train,10735,10735.png,237,637,3,0.37205651491365777,False,0,0.0,0,0,True,OK,normal
train,10736,10736.png,228,631,3,0.3613312202852615,False,0,0.0,0,0,True,OK,normal
train,10737,10737.png,236,644,3,0.36645962732919257,False,0,0.0,0,0,True,OK,normal
train,10738,10738.png,235,638,3,0.3683385579937304,False,0,0.0,0,0,True,OK,normal
train,10739,10739.png,229,646,3,0.3544891640866873,False,0,0.0,0,0,True,OK,normal
train,10740,10740.png,230,636,3,0.36163522012578614,False,0,0.0,0,0,True,OK,normal
train,10741,10741.png,226,630,3,0.35873015873015873,False,0,0.0,0,0,True,OK,normal
train,10742,10742.png,227,632,3,0.35917721518987344,False,0,0.0,0,0,True,OK,normal
train,10743,10743.png,230,632,3,0.3639240506329114,True,3959,2.723582828838745,1,3959,True,OK,large
train,10744,10744.png,228,642,3,0.35514018691588783,False,0,0.0,0,0,True,OK,normal
train,10745,10745.png,229,636,3,0.360062893081761,False,0,0.0,0,0,True,OK,normal
train,10746,10746.png,232,635,3,0.3653543307086614,False,0,0.0,0,0,True,OK,normal
train,10747,10747.png,229,621,3,0.3687600644122383,False,0,0.0,0,0,True,OK,normal
train,10748,10748.png,228,641,3,0.35569422776911075,False,0,0.0,0,0,True,OK,normal
train,10749,10749.png,231,649,3,0.3559322033898305,False,0,0.0,0,0,True,OK,normal
train,10750,10750.png,228,630,3,0.3619047619047619,False,0,0.0,0,0,True,OK,normal
train,10751,10751.png,234,643,3,0.36391912908242613,False,0,0.0,0,0,True,OK,normal
train,10752,10752.png,234,646,3,0.3622291021671827,False,0,0.0,0,0,True,OK,normal
train,10753,10753.png,228,638,3,0.3573667711598746,False,0,0.0,0,0,True,OK,normal
train,10754,10754.png,224,637,3,0.3516483516483517,False,0,0.0,0,0,True,OK,normal
train,10755,10755.png,230,646,3,0.3560371517027864,False,0,0.0,0,0,True,OK,normal
train,10756,10756.png,233,646,3,0.3606811145510836,True,3731,2.4787733028607875,1,3731,True,OK,large
train,10757,10757.png,223,637,3,0.3500784929356358,False,0,0.0,0,0,True,OK,normal
train,10758,10758.png,232,631,3,0.3676703645007924,False,0,0.0,0,0,True,OK,normal
train,10759,10759.png,233,648,3,0.3595679012345679,False,0,0.0,0,0,True,OK,normal
train,10760,10760.png,236,643,3,0.36702954898911355,False,0,0.0,0,0,True,OK,normal
train,10761,10761.png,229,631,3,0.3629160063391442,False,0,0.0,0,0,True,OK,normal
train,10762,10762.png,233,645,3,0.3612403100775194,False,0,0.0,0,0,True,OK,normal
train,10763,10763.png,229,631,3,0.3629160063391442,False,0,0.0,0,0,True,OK,normal
train,10764,10764.png,233,647,3,0.3601236476043277,False,0,0.0,0,0,True,OK,normal
train,10765,10765.png,226,630,3,0.35873015873015873,False,0,0.0,0,0,True,OK,normal
train,10766,10766.png,226,650,3,0.3476923076923077,False,0,0.0,0,0,True,OK,normal
train,10767,10767.png,233,644,3,0.36180124223602483,False,0,0.0,0,0,True,OK,normal
train,10768,10768.png,201,641,3,0.31357254290171604,False,0,0.0,0,0,True,OK,normal
train,10769,10769.png,226,642,3,0.35202492211838005,False,0,0.0,0,0,True,OK,normal
train,10770,10770.png,230,640,3,0.359375,True,1187,0.8063858695652173,1,1187,True,OK,small
train,10771,10771.png,228,629,3,0.3624801271860095,False,0,0.0,0,0,True,OK,normal
train,10772,10772.png,232,640,3,0.3625,False,0,0.0,0,0,True,OK,normal
train,10773,10773.png,227,640,3,0.3546875,False,0,0.0,0,0,True,OK,normal
train,10774,10774.png,233,638,3,0.3652037617554859,True,1152,0.7749539198407038,1,1152,True,OK,small
train,10775,10775.png,233,638,3,0.3652037617554859,False,0,0.0,0,0,True,OK,normal
train,10776,10776.png,229,633,3,0.3617693522906793,False,0,0.0,0,0,True,OK,normal
train,10777,10777.png,232,638,3,0.36363636363636365,False,0,0.0,0,0,True,OK,normal
train,10778,10778.png,232,632,3,0.3670886075949367,False,0,0.0,0,0,True,OK,normal
train,10779,10779.png,235,643,3,0.3654743390357698,False,0,0.0,0,0,True,OK,normal
train,10780,10780.png,233,623,3,0.3739967897271268,False,0,0.0,0,0,True,OK,normal
train,10781,10781.png,211,638,3,0.33072100313479624,False,0,0.0,0,0,True,OK,normal
train,10782,10782.png,234,642,3,0.3644859813084112,False,0,0.0,0,0,True,OK,normal
train,10783,10783.png,230,641,3,0.358814352574103,False,0,0.0,0,0,True,OK,normal
train,10784,10784.png,232,642,3,0.3613707165109034,False,0,0.0,0,0,True,OK,normal
train,10785,10785.png,225,633,3,0.35545023696682465,False,0,0.0,0,0,True,OK,normal
train,10786,10786.png,221,639,3,0.3458528951486698,False,0,0.0,0,0,True,OK,normal
train,10787,10787.png,229,638,3,0.35893416927899685,False,0,0.0,0,0,True,OK,normal
train,10788,10788.png,234,647,3,0.3616692426584235,False,0,0.0,0,0,True,OK,normal
train,10789,10789.png,236,645,3,0.36589147286821705,False,0,0.0,0,0,True,OK,normal
train,10790,10790.png,227,630,3,0.3603174603174603,False,0,0.0,0,0,True,OK,normal
train,10791,10791.png,231,638,3,0.3620689655172414,False,0,0.0,0,0,True,OK,normal
train,10792,10792.png,233,636,3,0.3663522012578616,False,0,0.0,0,0,True,OK,normal
train,10793,10793.png,229,635,3,0.3606299212598425,False,0,0.0,0,0,True,OK,normal
train,10794,10794.png,226,632,3,0.3575949367088608,False,0,0.0,0,0,True,OK,normal
train,10795,10795.png,229,652,3,0.3512269938650307,False,0,0.0,0,0,True,OK,normal
train,10796,10796.png,214,638,3,0.335423197492163,False,0,0.0,0,0,True,OK,normal
train,10797,10797.png,220,632,3,0.34810126582278483,True,5271,3.7909953970080554,1,5271,True,OK,large
train,10798,10798.png,235,649,3,0.362095531587057,False,0,0.0,0,0,True,OK,normal
train,10799,10799.png,232,641,3,0.3619344773790952,False,0,0.0,0,0,True,OK,normal
train,10800,10800.png,228,638,3,0.3573667711598746,False,0,0.0,0,0,True,OK,normal
train,10801,10801.png,237,644,3,0.36801242236024845,False,0,0.0,0,0,True,OK,normal
train,10802,10802.png,236,647,3,0.36476043276661513,False,0,0.0,0,0,True,OK,normal
train,10803,10803.png,229,639,3,0.35837245696400627,False,0,0.0,0,0,True,OK,normal
train,10804,10804.png,226,634,3,0.35646687697160884,False,0,0.0,0,0,True,OK,normal
train,10805,10805.png,205,634,3,0.32334384858044163,False,0,0.0,0,0,True,OK,normal
train,10806,10806.png,232,638,3,0.36363636363636365,False,0,0.0,0,0,True,OK,normal
train,10807,10807.png,232,639,3,0.36306729264475746,False,0,0.0,0,0,True,OK,normal
train,10808,10808.png,226,631,3,0.358161648177496,True,1802,1.263621446502952,1,1802,True,OK,medium
train,10809,10809.png,226,635,3,0.35590551181102364,False,0,0.0,0,0,True,OK,normal
train,10810,10810.png,235,640,3,0.3671875,False,0,0.0,0,0,True,OK,normal
train,10811,10811.png,232,641,3,0.3619344773790952,False,0,0.0,0,0,True,OK,normal
train,10812,10812.png,228,630,3,0.3619047619047619,False,0,0.0,0,0,True,OK,normal
train,10813,10813.png,233,630,3,0.36984126984126986,False,0,0.0,0,0,True,OK,normal
train,10814,10814.png,226,632,3,0.3575949367088608,False,0,0.0,0,0,True,OK,normal
train,10815,10815.png,232,639,3,0.36306729264475746,False,0,0.0,0,0,True,OK,normal
train,10816,10816.png,205,632,3,0.32436708860759494,False,0,0.0,0,0,True,OK,normal
train,10817,10817.png,227,625,3,0.3632,False,0,0.0,0,0,True,OK,normal
train,10818,10818.png,226,633,3,0.3570300157977883,False,0,0.0,0,0,True,OK,normal
train,10819,10819.png,227,645,3,0.351937984496124,False,0,0.0,0,0,True,OK,normal
train,10820,10820.png,222,634,3,0.3501577287066246,False,0,0.0,0,0,True,OK,normal
train,10821,10821.png,228,634,3,0.35962145110410093,True,7466,5.164923349382921,2,4105,True,OK,large
train,10822,10822.png,231,636,3,0.3632075471698113,False,0,0.0,0,0,True,OK,normal
train,10823,10823.png,235,631,3,0.3724247226624406,False,0,0.0,0,0,True,OK,normal
train,10824,10824.png,233,636,3,0.3663522012578616,False,0,0.0,0,0,True,OK,normal
train,10825,10825.png,230,641,3,0.358814352574103,False,0,0.0,0,0,True,OK,normal
train,10826,10826.png,225,638,3,0.35266457680250785,False,0,0.0,0,0,True,OK,normal
train,10827,10827.png,225,641,3,0.35101404056162244,False,0,0.0,0,0,True,OK,normal
train,10828,10828.png,241,649,3,0.3713405238828968,False,0,0.0,0,0,True,OK,normal
train,10829,10829.png,229,629,3,0.3640699523052464,False,0,0.0,0,0,True,OK,normal
train,10830,10830.png,230,646,3,0.3560371517027864,False,0,0.0,0,0,True,OK,normal
train,10831,10831.png,226,630,3,0.35873015873015873,False,0,0.0,0,0,True,OK,normal
train,10832,10832.png,229,628,3,0.3646496815286624,False,0,0.0,0,0,True,OK,normal
train,10833,10833.png,231,634,3,0.3643533123028391,False,0,0.0,0,0,True,OK,normal
train,10834,10834.png,226,625,3,0.3616,False,0,0.0,0,0,True,OK,normal
train,10835,10835.png,224,635,3,0.352755905511811,False,0,0.0,0,0,True,OK,normal
train,10836,10836.png,229,637,3,0.35949764521193095,False,0,0.0,0,0,True,OK,normal
train,10837,10837.png,226,632,3,0.3575949367088608,False,0,0.0,0,0,True,OK,normal
train,10838,10838.png,231,641,3,0.36037441497659906,False,0,0.0,0,0,True,OK,normal
train,10839,10839.png,234,640,3,0.365625,False,0,0.0,0,0,True,OK,normal
train,10840,10840.png,240,637,3,0.37676609105180536,False,0,0.0,0,0,True,OK,normal
train,10841,10841.png,227,636,3,0.35691823899371067,False,0,0.0,0,0,True,OK,normal
train,10842,10842.png,223,631,3,0.35340729001584786,False,0,0.0,0,0,True,OK,normal
train,10843,10843.png,231,633,3,0.36492890995260663,False,0,0.0,0,0,True,OK,normal
train,10844,10844.png,227,640,3,0.3546875,True,78,0.053689427312775324,1,78,True,OK,small
train,10845,10845.png,231,635,3,0.3637795275590551,True,2097,1.4295940280192247,1,2097,True,OK,medium
train,10846,10846.png,231,642,3,0.3598130841121495,True,7403,4.991840973149384,1,7403,True,OK,large
train,10847,10847.png,227,645,3,0.351937984496124,False,0,0.0,0,0,True,OK,normal
train,10848,10848.png,233,638,3,0.3652037617554859,False,0,0.0,0,0,True,OK,normal
train,10849,10849.png,231,633,3,0.36492890995260663,True,2534,1.7329695054813539,2,1303,True,OK,medium
train,10850,10850.png,232,644,3,0.36024844720496896,False,0,0.0,0,0,True,OK,normal
train,10851,10851.png,232,644,3,0.36024844720496896,False,0,0.0,0,0,True,OK,normal
train,10852,10852.png,232,642,3,0.3613707165109034,False,0,0.0,0,0,True,OK,normal
train,10853,10853.png,224,644,3,0.34782608695652173,False,0,0.0,0,0,True,OK,normal
train,10854,10854.png,235,645,3,0.3643410852713178,False,0,0.0,0,0,True,OK,normal
train,10855,10855.png,226,634,3,0.35646687697160884,False,0,0.0,0,0,True,OK,normal
train,10856,10856.png,231,636,3,0.3632075471698113,False,0,0.0,0,0,True,OK,normal
train,10857,10857.png,227,624,3,0.36378205128205127,False,0,0.0,0,0,True,OK,normal
train,10858,10858.png,227,637,3,0.3563579277864992,False,0,0.0,0,0,True,OK,normal
train,10859,10859.png,233,635,3,0.3669291338582677,False,0,0.0,0,0,True,OK,normal
train,10860,10860.png,226,637,3,0.35478806907378335,False,0,0.0,0,0,True,OK,normal
train,10861,10861.png,223,637,3,0.3500784929356358,False,0,0.0,0,0,True,OK,normal
train,10862,10862.png,222,636,3,0.3490566037735849,False,0,0.0,0,0,True,OK,normal
train,10863,10863.png,225,633,3,0.35545023696682465,False,0,0.0,0,0,True,OK,normal
train,10864,10864.png,233,634,3,0.3675078864353312,False,0,0.0,0,0,True,OK,normal
train,10865,10865.png,227,635,3,0.35748031496062993,False,0,0.0,0,0,True,OK,normal
train,10866,10866.png,225,633,3,0.35545023696682465,False,0,0.0,0,0,True,OK,normal
train,10867,10867.png,226,641,3,0.35257410296411856,False,0,0.0,0,0,True,OK,normal
train,10868,10868.png,228,630,3,0.3619047619047619,False,0,0.0,0,0,True,OK,normal
train,10869,10869.png,230,643,3,0.35769828926905134,True,5165,3.492460612617486,1,5165,True,OK,large
train,10870,10870.png,229,633,3,0.3617693522906793,False,0,0.0,0,0,True,OK,normal
train,10871,10871.png,210,638,3,0.329153605015674,False,0,0.0,0,0,True,OK,normal
train,10872,10872.png,229,639,3,0.35837245696400627,False,0,0.0,0,0,True,OK,normal
train,10873,10873.png,228,628,3,0.3630573248407643,False,0,0.0,0,0,True,OK,normal
train,10874,10874.png,229,638,3,0.35893416927899685,True,92,0.06296970609574133,1,92,True,OK,small
train,10875,10875.png,229,604,3,0.3791390728476821,False,0,0.0,0,0,True,OK,normal
train,10876,10876.png,235,648,3,0.3626543209876543,False,0,0.0,0,0,True,OK,normal
train,10877,10877.png,232,640,3,0.3625,False,0,0.0,0,0,True,OK,normal
train,10878,10878.png,233,642,3,0.3629283489096573,False,0,0.0,0,0,True,OK,normal
train,10879,10879.png,216,651,3,0.3317972350230415,False,0,0.0,0,0,True,OK,normal
train,10880,10880.png,225,634,3,0.3548895899053628,False,0,0.0,0,0,True,OK,normal
train,10881,10881.png,228,635,3,0.3590551181102362,False,0,0.0,0,0,True,OK,normal
train,10882,10882.png,228,636,3,0.3584905660377358,False,0,0.0,0,0,True,OK,normal
train,10883,10883.png,231,636,3,0.3632075471698113,False,0,0.0,0,0,True,OK,normal
train,10884,10884.png,236,634,3,0.3722397476340694,False,0,0.0,0,0,True,OK,normal
train,10885,10885.png,226,637,3,0.35478806907378335,False,0,0.0,0,0,True,OK,normal
train,10886,10886.png,233,641,3,0.36349453978159124,False,0,0.0,0,0,True,OK,normal
train,10887,10887.png,229,650,3,0.3523076923076923,False,0,0.0,0,0,True,OK,normal
train,10888,10888.png,234,639,3,0.36619718309859156,False,0,0.0,0,0,True,OK,normal
train,10889,10889.png,226,638,3,0.3542319749216301,False,0,0.0,0,0,True,OK,normal
train,10890,10890.png,235,646,3,0.3637770897832817,False,0,0.0,0,0,True,OK,normal
train,10891,10891.png,232,634,3,0.3659305993690852,False,0,0.0,0,0,True,OK,normal
train,10892,10892.png,231,633,3,0.36492890995260663,False,0,0.0,0,0,True,OK,normal
train,10893,10893.png,227,634,3,0.3580441640378549,True,1202,0.8351978209813923,1,1202,True,OK,small
train,10894,10894.png,220,625,3,0.352,False,0,0.0,0,0,True,OK,normal
train,10895,10895.png,226,642,3,0.35202492211838005,False,0,0.0,0,0,True,OK,normal
train,10896,10896.png,229,644,3,0.3555900621118012,False,0,0.0,0,0,True,OK,normal
train,10897,10897.png,232,641,3,0.3619344773790952,False,0,0.0,0,0,True,OK,normal
train,10898,10898.png,229,644,3,0.3555900621118012,False,0,0.0,0,0,True,OK,normal
train,10899,10899.png,232,640,3,0.3625,False,0,0.0,0,0,True,OK,normal
train,10900,10900.png,238,642,3,0.3707165109034268,True,940,0.6151993507683448,1,940,True,OK,small
train,10901,10901.png,227,633,3,0.358609794628752,False,0,0.0,0,0,True,OK,normal
train,10902,10902.png,230,637,3,0.36106750392464676,False,0,0.0,0,0,True,OK,normal
train,10903,10903.png,229,639,3,0.35837245696400627,False,0,0.0,0,0,True,OK,normal
train,10904,10904.png,234,635,3,0.36850393700787404,False,0,0.0,0,0,True,OK,normal
train,10905,10905.png,228,636,3,0.3584905660377358,True,1906,1.3144102394350656,1,1906,True,OK,medium
train,10906,10906.png,225,627,3,0.3588516746411483,False,0,0.0,0,0,True,OK,normal
train,10907,10907.png,226,634,3,0.35646687697160884,True,24633,17.191731107450934,1,24633,True,OK,large
train,10908,10908.png,231,638,3,0.3620689655172414,False,0,0.0,0,0,True,OK,normal
train,10909,10909.png,228,640,3,0.35625,False,0,0.0,0,0,True,OK,normal
train,10910,10910.png,234,630,3,0.37142857142857144,False,0,0.0,0,0,True,OK,normal
train,10911,10911.png,231,645,3,0.3581395348837209,False,0,0.0,0,0,True,OK,normal
train,10912,10912.png,229,638,3,0.35893416927899685,False,0,0.0,0,0,True,OK,normal
train,10913,10913.png,233,632,3,0.3686708860759494,False,0,0.0,0,0,True,OK,normal
train,10914,10914.png,229,639,3,0.35837245696400627,False,0,0.0,0,0,True,OK,normal
train,10915,10915.png,206,636,3,0.3238993710691824,False,0,0.0,0,0,True,OK,normal
train,10916,10916.png,231,633,3,0.36492890995260663,False,0,0.0,0,0,True,OK,normal
train,10917,10917.png,224,620,3,0.36129032258064514,False,0,0.0,0,0,True,OK,normal
train,10918,10918.png,224,636,3,0.3522012578616352,False,0,0.0,0,0,True,OK,normal
train,10919,10919.png,227,633,3,0.358609794628752,False,0,0.0,0,0,True,OK,normal
train,10920,10920.png,232,648,3,0.35802469135802467,False,0,0.0,0,0,True,OK,normal
train,10921,10921.png,228,632,3,0.36075949367088606,False,0,0.0,0,0,True,OK,normal
train,10922,10922.png,233,631,3,0.3692551505546751,False,0,0.0,0,0,True,OK,normal
train,10923,10923.png,223,634,3,0.35173501577287064,False,0,0.0,0,0,True,OK,normal
train,10924,10924.png,227,638,3,0.3557993730407524,False,0,0.0,0,0,True,OK,normal
train,10925,10925.png,233,643,3,0.36236391912908245,False,0,0.0,0,0,True,OK,normal
train,10926,10926.png,227,632,3,0.35917721518987344,False,0,0.0,0,0,True,OK,normal
train,10927,10927.png,231,633,3,0.36492890995260663,False,0,0.0,0,0,True,OK,normal
train,10928,10928.png,229,633,3,0.3617693522906793,False,0,0.0,0,0,True,OK,normal
train,10929,10929.png,230,632,3,0.3639240506329114,False,0,0.0,0,0,True,OK,normal
train,10930,10930.png,231,648,3,0.35648148148148145,False,0,0.0,0,0,True,OK,normal
train,10931,10931.png,226,625,3,0.3616,False,0,0.0,0,0,True,OK,normal
train,10932,10932.png,227,642,3,0.35358255451713394,False,0,0.0,0,0,True,OK,normal
train,10933,10933.png,227,631,3,0.35974643423137875,False,0,0.0,0,0,True,OK,normal
train,10934,10934.png,229,638,3,0.35893416927899685,False,0,0.0,0,0,True,OK,normal
train,10935,10935.png,239,642,3,0.37227414330218067,False,0,0.0,0,0,True,OK,normal
train,10936,10936.png,235,637,3,0.36891679748822603,False,0,0.0,0,0,True,OK,normal
train,10937,10937.png,227,612,3,0.3709150326797386,False,0,0.0,0,0,True,OK,normal
train,10938,10938.png,232,643,3,0.3608087091757387,False,0,0.0,0,0,True,OK,normal
train,10939,10939.png,236,638,3,0.36990595611285265,False,0,0.0,0,0,True,OK,normal
train,10940,10940.png,233,639,3,0.3646322378716745,False,0,0.0,0,0,True,OK,normal
train,10941,10941.png,232,646,3,0.3591331269349845,False,0,0.0,0,0,True,OK,normal
train,10942,10942.png,214,643,3,0.3328149300155521,False,0,0.0,0,0,True,OK,normal
train,10943,10943.png,226,637,3,0.35478806907378335,False,0,0.0,0,0,True,OK,normal
train,10944,10944.png,226,636,3,0.3553459119496855,False,0,0.0,0,0,True,OK,normal
train,10945,10945.png,230,636,3,0.36163522012578614,False,0,0.0,0,0,True,OK,normal
train,10946,10946.png,234,640,3,0.365625,False,0,0.0,0,0,True,OK,normal
train,10947,10947.png,228,635,3,0.3590551181102362,False,0,0.0,0,0,True,OK,normal
train,10948,10948.png,223,627,3,0.35566188197767146,False,0,0.0,0,0,True,OK,normal
train,10949,10949.png,231,643,3,0.359253499222395,False,0,0.0,0,0,True,OK,normal
train,10950,10950.png,230,636,3,0.36163522012578614,False,0,0.0,0,0,True,OK,normal
train,10951,10951.png,227,636,3,0.35691823899371067,True,1731,1.1989859529548665,1,1731,True,OK,medium
train,10952,10952.png,228,643,3,0.3545878693623639,True,14727,10.045428501268724,1,14727,True,OK,large
train,10953,10953.png,228,643,3,0.3545878693623639,False,0,0.0,0,0,True,OK,normal
train,10954,10954.png,226,631,3,0.358161648177496,False,0,0.0,0,0,True,OK,normal
train,10955,10955.png,228,638,3,0.3573667711598746,False,0,0.0,0,0,True,OK,normal
train,10956,10956.png,224,632,3,0.35443037974683544,False,0,0.0,0,0,True,OK,normal
train,10957,10957.png,199,634,3,0.3138801261829653,False,0,0.0,0,0,True,OK,normal
train,10958,10958.png,226,637,3,0.35478806907378335,False,0,0.0,0,0,True,OK,normal
train,10959,10959.png,229,641,3,0.35725429017160687,False,0,0.0,0,0,True,OK,normal
train,10960,10960.png,224,629,3,0.356120826709062,False,0,0.0,0,0,True,OK,normal
train,10961,10961.png,240,641,3,0.374414976599064,False,0,0.0,0,0,True,OK,normal
train,10962,10962.png,224,631,3,0.3549920760697306,False,0,0.0,0,0,True,OK,normal
train,10963,10963.png,225,642,3,0.35046728971962615,False,0,0.0,0,0,True,OK,normal
train,10964,10964.png,233,644,3,0.36180124223602483,False,0,0.0,0,0,True,OK,normal
train,10965,10965.png,235,633,3,0.3712480252764613,False,0,0.0,0,0,True,OK,normal
train,10966,10966.png,232,634,3,0.3659305993690852,False,0,0.0,0,0,True,OK,normal
train,10967,10967.png,236,649,3,0.36363636363636365,False,0,0.0,0,0,True,OK,normal
train,10968,10968.png,226,644,3,0.35093167701863354,False,0,0.0,0,0,True,OK,normal
train,10969,10969.png,235,638,3,0.3683385579937304,False,0,0.0,0,0,True,OK,normal
train,10970,10970.png,234,655,3,0.35725190839694654,False,0,0.0,0,0,True,OK,normal
train,10971,10971.png,233,630,3,0.36984126984126986,False,0,0.0,0,0,True,OK,normal
train,10972,10972.png,233,635,3,0.3669291338582677,False,0,0.0,0,0,True,OK,normal
train,10973,10973.png,232,634,3,0.3659305993690852,False,0,0.0,0,0,True,OK,normal
train,10974,10974.png,226,635,3,0.35590551181102364,False,0,0.0,0,0,True,OK,normal
train,10975,10975.png,232,639,3,0.36306729264475746,False,0,0.0,0,0,True,OK,normal
train,10976,10976.png,237,630,3,0.3761904761904762,False,0,0.0,0,0,True,OK,normal
train,10977,10977.png,225,634,3,0.3548895899053628,False,0,0.0,0,0,True,OK,normal
train,10978,10978.png,235,631,3,0.3724247226624406,False,0,0.0,0,0,True,OK,normal
train,10979,10979.png,227,641,3,0.3541341653666147,False,0,0.0,0,0,True,OK,normal
train,10980,10980.png,236,638,3,0.36990595611285265,False,0,0.0,0,0,True,OK,normal
train,10981,10981.png,235,631,3,0.3724247226624406,False,0,0.0,0,0,True,OK,normal
train,10982,10982.png,229,636,3,0.360062893081761,False,0,0.0,0,0,True,OK,normal
train,10983,10983.png,231,634,3,0.3643533123028391,False,0,0.0,0,0,True,OK,normal
train,10984,10984.png,236,641,3,0.36817472698907955,False,0,0.0,0,0,True,OK,normal
train,10985,10985.png,234,640,3,0.365625,False,0,0.0,0,0,True,OK,normal
train,10986,10986.png,229,631,3,0.3629160063391442,False,0,0.0,0,0,True,OK,normal
train,10987,10987.png,214,645,3,0.33178294573643413,False,0,0.0,0,0,True,OK,normal
train,10988,10988.png,232,641,3,0.3619344773790952,False,0,0.0,0,0,True,OK,normal
train,10989,10989.png,225,640,3,0.3515625,False,0,0.0,0,0,True,OK,normal
train,10990,10990.png,229,629,3,0.3640699523052464,False,0,0.0,0,0,True,OK,normal
train,10991,10991.png,231,636,3,0.3632075471698113,False,0,0.0,0,0,True,OK,normal
train,10992,10992.png,232,632,3,0.3670886075949367,False,0,0.0,0,0,True,OK,normal
train,10993,10993.png,226,633,3,0.3570300157977883,False,0,0.0,0,0,True,OK,normal
train,10994,10994.png,232,642,3,0.3613707165109034,False,0,0.0,0,0,True,OK,normal
train,10995,10995.png,231,643,3,0.359253499222395,False,0,0.0,0,0,True,OK,normal
train,10996,10996.png,232,635,3,0.3653543307086614,False,0,0.0,0,0,True,OK,normal
train,10997,10997.png,233,648,3,0.3595679012345679,False,0,0.0,0,0,True,OK,normal
train,10998,10998.png,227,628,3,0.3614649681528662,False,0,0.0,0,0,True,OK,normal
train,10999,10999.png,233,637,3,0.36577708006279436,False,0,0.0,0,0,True,OK,normal
train,11000,11000.png,229,627,3,0.3652312599681021,False,0,0.0,0,0,True,OK,normal
train,11001,11001.png,232,635,3,0.3653543307086614,False,0,0.0,0,0,True,OK,normal
train,11002,11002.png,227,636,3,0.35691823899371067,True,2436,1.687307788213781,1,2436,True,OK,medium
train,11003,11003.png,224,631,3,0.3549920760697306,True,3671,2.597209644555128,1,3671,True,OK,medium
train,11004,11004.png,231,644,3,0.358695652173913,False,0,0.0,0,0,True,OK,normal
train,11005,11005.png,227,650,3,0.34923076923076923,False,0,0.0,0,0,True,OK,normal
train,11006,11006.png,215,641,3,0.33541341653666146,False,0,0.0,0,0,True,OK,normal
train,11007,11007.png,232,647,3,0.35857805255023184,False,0,0.0,0,0,True,OK,normal
train,11008,11008.png,227,633,3,0.358609794628752,False,0,0.0,0,0,True,OK,normal
train,11009,11009.png,228,637,3,0.3579277864992151,False,0,0.0,0,0,True,OK,normal
train,11010,11010.png,208,638,3,0.32601880877742945,False,0,0.0,0,0,True,OK,normal
train,11011,11011.png,228,638,3,0.3573667711598746,False,0,0.0,0,0,True,OK,normal
train,11012,11012.png,224,632,3,0.35443037974683544,True,343,0.24228639240506328,1,343,True,OK,small
train,11013,11013.png,227,632,3,0.35917721518987344,False,0,0.0,0,0,True,OK,normal
train,11014,11014.png,227,634,3,0.3580441640378549,False,0,0.0,0,0,True,OK,normal
train,11015,11015.png,232,633,3,0.3665086887835703,False,0,0.0,0,0,True,OK,normal
train,11016,11016.png,229,636,3,0.360062893081761,False,0,0.0,0,0,True,OK,normal
train,11017,11017.png,226,619,3,0.3651050080775444,False,0,0.0,0,0,True,OK,normal
train,11018,11018.png,229,642,3,0.35669781931464173,False,0,0.0,0,0,True,OK,normal
train,11019,11019.png,232,633,3,0.3665086887835703,False,0,0.0,0,0,True,OK,normal
train,11020,11020.png,231,634,3,0.3643533123028391,False,0,0.0,0,0,True,OK,normal
train,11021,11021.png,223,626,3,0.3562300319488818,False,0,0.0,0,0,True,OK,normal
train,11022,11022.png,231,638,3,0.3620689655172414,False,0,0.0,0,0,True,OK,normal
train,11023,11023.png,225,638,3,0.35266457680250785,False,0,0.0,0,0,True,OK,normal
train,11024,11024.png,225,631,3,0.35657686212361334,False,0,0.0,0,0,True,OK,normal
train,11025,11025.png,231,633,3,0.36492890995260663,True,2221,1.5189128933204763,1,2221,True,OK,medium
train,11026,11026.png,228,636,3,0.3584905660377358,False,0,0.0,0,0,True,OK,normal
train,11027,11027.png,224,641,3,0.3494539781591264,False,0,0.0,0,0,True,OK,normal
train,11028,11028.png,234,636,3,0.36792452830188677,False,0,0.0,0,0,True,OK,normal
train,11029,11029.png,231,641,3,0.36037441497659906,False,0,0.0,0,0,True,OK,normal
train,11030,11030.png,235,647,3,0.36321483771251933,False,0,0.0,0,0,True,OK,normal
train,11031,11031.png,232,631,3,0.3676703645007924,False,0,0.0,0,0,True,OK,normal
train,11032,11032.png,229,641,3,0.35725429017160687,False,0,0.0,0,0,True,OK,normal
train,11033,11033.png,234,647,3,0.3616692426584235,False,0,0.0,0,0,True,OK,normal
train,11034,11034.png,223,637,3,0.3500784929356358,False,0,0.0,0,0,True,OK,normal
train,11035,11035.png,228,637,3,0.3579277864992151,False,0,0.0,0,0,True,OK,normal
train,11036,11036.png,239,644,3,0.37111801242236025,False,0,0.0,0,0,True,OK,normal
train,11037,11037.png,228,638,3,0.3573667711598746,False,0,0.0,0,0,True,OK,normal
train,11038,11038.png,233,643,3,0.36236391912908245,False,0,0.0,0,0,True,OK,normal
train,11039,11039.png,234,637,3,0.3673469387755102,False,0,0.0,0,0,True,OK,normal
train,11040,11040.png,231,633,3,0.36492890995260663,True,774,0.5293284914137995,1,774,True,OK,small
train,11041,11041.png,226,639,3,0.3536776212832551,False,0,0.0,0,0,True,OK,normal
train,11042,11042.png,230,645,3,0.35658914728682173,False,0,0.0,0,0,True,OK,normal
train,11043,11043.png,230,649,3,0.3543913713405239,False,0,0.0,0,0,True,OK,normal
train,11044,11044.png,232,642,3,0.3613707165109034,False,0,0.0,0,0,True,OK,normal
train,11045,11045.png,224,633,3,0.353870458135861,False,0,0.0,0,0,True,OK,normal
train,11046,11046.png,230,635,3,0.36220472440944884,False,0,0.0,0,0,True,OK,normal
train,11047,11047.png,229,644,3,0.3555900621118012,False,0,0.0,0,0,True,OK,normal
train,11048,11048.png,234,633,3,0.3696682464454976,False,0,0.0,0,0,True,OK,normal
train,11049,11049.png,233,633,3,0.36808846761453395,False,0,0.0,0,0,True,OK,normal
train,11050,11050.png,232,634,3,0.3659305993690852,False,0,0.0,0,0,True,OK,normal
train,11051,11051.png,233,648,3,0.3595679012345679,False,0,0.0,0,0,True,OK,normal
train,11052,11052.png,225,628,3,0.35828025477707004,True,3271,2.3149327671620665,2,1653,True,OK,medium
train,11053,11053.png,231,637,3,0.3626373626373626,False,0,0.0,0,0,True,OK,normal
train,11054,11054.png,224,635,3,0.352755905511811,False,0,0.0,0,0,True,OK,normal
train,11055,11055.png,231,639,3,0.3615023474178404,False,0,0.0,0,0,True,OK,normal
train,11056,11056.png,228,634,3,0.35962145110410093,False,0,0.0,0,0,True,OK,normal
train,11057,11057.png,227,633,3,0.358609794628752,False,0,0.0,0,0,True,OK,normal
train,11058,11058.png,229,641,3,0.35725429017160687,False,0,0.0,0,0,True,OK,normal
train,11059,11059.png,237,644,3,0.36801242236024845,False,0,0.0,0,0,True,OK,normal
train,11060,11060.png,230,635,3,0.36220472440944884,False,0,0.0,0,0,True,OK,normal
train,11061,11061.png,229,645,3,0.3550387596899225,True,2737,1.8530178396127417,1,2737,True,OK,medium
train,11062,11062.png,227,623,3,0.36436597110754415,False,0,0.0,0,0,True,OK,normal
train,11063,11063.png,231,635,3,0.3637795275590551,False,0,0.0,0,0,True,OK,normal
train,11064,11064.png,233,628,3,0.37101910828025475,False,0,0.0,0,0,True,OK,normal
train,11065,11065.png,230,646,3,0.3560371517027864,False,0,0.0,0,0,True,OK,normal
train,11066,11066.png,227,637,3,0.3563579277864992,False,0,0.0,0,0,True,OK,normal
train,11067,11067.png,231,641,3,0.36037441497659906,False,0,0.0,0,0,True,OK,normal
train,11068,11068.png,227,632,3,0.35917721518987344,False,0,0.0,0,0,True,OK,normal
train,11069,11069.png,229,641,3,0.35725429017160687,False,0,0.0,0,0,True,OK,normal
train,11070,11070.png,230,631,3,0.36450079239302696,False,0,0.0,0,0,True,OK,normal
train,11071,11071.png,228,631,3,0.3613312202852615,False,0,0.0,0,0,True,OK,normal
train,11072,11072.png,226,636,3,0.3553459119496855,False,0,0.0,0,0,True,OK,normal
train,11073,11073.png,230,637,3,0.36106750392464676,False,0,0.0,0,0,True,OK,normal
train,11074,11074.png,235,644,3,0.36490683229813664,True,3868,2.5558345447337123,1,3868,True,OK,large
train,11075,11075.png,230,632,3,0.3639240506329114,False,0,0.0,0,0,True,OK,normal
train,11076,11076.png,228,645,3,0.35348837209302325,False,0,0.0,0,0,True,OK,normal
train,11077,11077.png,230,641,3,0.358814352574103,False,0,0.0,0,0,True,OK,normal
train,11078,11078.png,228,640,3,0.35625,False,0,0.0,0,0,True,OK,normal
train,11079,11079.png,225,637,3,0.3532182103610675,False,0,0.0,0,0,True,OK,normal
train,11080,11080.png,228,641,3,0.35569422776911075,False,0,0.0,0,0,True,OK,normal
train,11081,11081.png,236,652,3,0.3619631901840491,False,0,0.0,0,0,True,OK,normal
train,11082,11082.png,237,637,3,0.37205651491365777,False,0,0.0,0,0,True,OK,normal
train,11083,11083.png,235,643,3,0.3654743390357698,False,0,0.0,0,0,True,OK,normal
train,11084,11084.png,233,642,3,0.3629283489096573,False,0,0.0,0,0,True,OK,normal
train,11085,11085.png,238,644,3,0.3695652173913043,False,0,0.0,0,0,True,OK,normal
train,11086,11086.png,239,640,3,0.3734375,False,0,0.0,0,0,True,OK,normal
train,11087,11087.png,232,633,3,0.3665086887835703,False,0,0.0,0,0,True,OK,normal
train,11088,11088.png,236,637,3,0.3704866562009419,True,7156,4.760130910251976,1,7156,True,OK,large
train,11089,11089.png,232,652,3,0.3558282208588957,False,0,0.0,0,0,True,OK,normal
train,11090,11090.png,220,628,3,0.3503184713375796,False,0,0.0,0,0,True,OK,normal
train,11091,11091.png,230,645,3,0.35658914728682173,False,0,0.0,0,0,True,OK,normal
train,11092,11092.png,226,639,3,0.3536776212832551,False,0,0.0,0,0,True,OK,normal
train,11093,11093.png,236,647,3,0.36476043276661513,True,650,0.42569355303486756,1,650,True,OK,small
train,11094,11094.png,229,637,3,0.35949764521193095,True,1117,0.7657345773378212,1,1117,True,OK,small
train,11095,11095.png,225,641,3,0.35101404056162244,False,0,0.0,0,0,True,OK,normal
train,11096,11096.png,231,635,3,0.3637795275590551,False,0,0.0,0,0,True,OK,normal
train,11097,11097.png,231,649,3,0.3559322033898305,False,0,0.0,0,0,True,OK,normal
train,11098,11098.png,227,642,3,0.35358255451713394,False,0,0.0,0,0,True,OK,normal
train,11099,11099.png,233,635,3,0.3669291338582677,False,0,0.0,0,0,True,OK,normal
train,11100,11100.png,233,636,3,0.3663522012578616,False,0,0.0,0,0,True,OK,normal
train,11101,11101.png,229,634,3,0.361198738170347,True,13146,9.054592040554875,1,13146,True,OK,large
train,11102,11102.png,217,630,3,0.34444444444444444,False,0,0.0,0,0,True,OK,normal
train,11103,11103.png,232,635,3,0.3653543307086614,False,0,0.0,0,0,True,OK,normal
train,11104,11104.png,235,645,3,0.3643410852713178,False,0,0.0,0,0,True,OK,normal
train,11105,11105.png,184,627,3,0.2934609250398724,False,0,0.0,0,0,True,OK,normal
train,11106,11106.png,229,633,3,0.3617693522906793,False,0,0.0,0,0,True,OK,normal
train,11107,11107.png,222,633,3,0.35071090047393366,False,0,0.0,0,0,True,OK,normal
train,11108,11108.png,233,642,3,0.3629283489096573,False,0,0.0,0,0,True,OK,normal
train,11109,11109.png,227,634,3,0.3580441640378549,False,0,0.0,0,0,True,OK,normal
train,11110,11110.png,229,641,3,0.35725429017160687,False,0,0.0,0,0,True,OK,normal
train,11111,11111.png,238,628,3,0.37898089171974525,False,0,0.0,0,0,True,OK,normal
train,11112,11112.png,227,635,3,0.35748031496062993,False,0,0.0,0,0,True,OK,normal
train,11113,11113.png,226,630,3,0.35873015873015873,False,0,0.0,0,0,True,OK,normal
train,11114,11114.png,238,644,3,0.3695652173913043,False,0,0.0,0,0,True,OK,normal
train,11115,11115.png,227,635,3,0.35748031496062993,False,0,0.0,0,0,True,OK,normal
train,11116,11116.png,230,640,3,0.359375,False,0,0.0,0,0,True,OK,normal
train,11117,11117.png,229,623,3,0.36757624398073835,False,0,0.0,0,0,True,OK,normal
train,11118,11118.png,229,637,3,0.35949764521193095,False,0,0.0,0,0,True,OK,normal
train,11119,11119.png,227,639,3,0.35524256651017216,False,0,0.0,0,0,True,OK,normal
train,11120,11120.png,234,647,3,0.3616692426584235,False,0,0.0,0,0,True,OK,normal
train,11121,11121.png,239,653,3,0.3660030627871363,False,0,0.0,0,0,True,OK,normal
train,11122,11122.png,227,636,3,0.35691823899371067,False,0,0.0,0,0,True,OK,normal
train,11123,11123.png,211,644,3,0.327639751552795,False,0,0.0,0,0,True,OK,normal
train,11124,11124.png,225,638,3,0.35266457680250785,False,0,0.0,0,0,True,OK,normal
train,11125,11125.png,226,636,3,0.3553459119496855,False,0,0.0,0,0,True,OK,normal
train,11126,11126.png,211,650,3,0.32461538461538464,False,0,0.0,0,0,True,OK,normal
train,11127,11127.png,238,641,3,0.3712948517940718,False,0,0.0,0,0,True,OK,normal
train,11128,11128.png,236,652,3,0.3619631901840491,False,0,0.0,0,0,True,OK,normal
train,11129,11129.png,236,635,3,0.3716535433070866,False,0,0.0,0,0,True,OK,normal
train,11130,11130.png,240,640,3,0.375,False,0,0.0,0,0,True,OK,normal
train,11131,11131.png,229,639,3,0.35837245696400627,False,0,0.0,0,0,True,OK,normal
train,11132,11132.png,227,628,3,0.3614649681528662,False,0,0.0,0,0,True,OK,normal
train,11133,11133.png,228,633,3,0.36018957345971564,False,0,0.0,0,0,True,OK,normal
train,11134,11134.png,224,631,3,0.3549920760697306,False,0,0.0,0,0,True,OK,normal
train,11135,11135.png,229,628,3,0.3646496815286624,True,1502,1.0444191027174368,1,1502,True,OK,medium
train,11136,11136.png,232,645,3,0.35968992248062015,False,0,0.0,0,0,True,OK,normal
train,11137,11137.png,231,644,3,0.358695652173913,False,0,0.0,0,0,True,OK,normal
train,11138,11138.png,229,638,3,0.35893416927899685,False,0,0.0,0,0,True,OK,normal
train,11139,11139.png,228,631,3,0.3613312202852615,True,5794,4.027302805349349,3,2942,True,OK,large
train,11140,11140.png,232,640,3,0.3625,False,0,0.0,0,0,True,OK,normal
train,11141,11141.png,222,649,3,0.3420647149460709,False,0,0.0,0,0,True,OK,normal
train,11142,11142.png,233,637,3,0.36577708006279436,False,0,0.0,0,0,True,OK,normal
train,11143,11143.png,226,642,3,0.35202492211838005,False,0,0.0,0,0,True,OK,normal
train,11144,11144.png,226,633,3,0.3570300157977883,False,0,0.0,0,0,True,OK,normal
train,11145,11145.png,227,634,3,0.3580441640378549,False,0,0.0,0,0,True,OK,normal
train,11146,11146.png,234,651,3,0.35944700460829493,False,0,0.0,0,0,True,OK,normal
train,11147,11147.png,232,638,3,0.36363636363636365,False,0,0.0,0,0,True,OK,normal
train,11148,11148.png,226,634,3,0.35646687697160884,False,0,0.0,0,0,True,OK,normal
train,11149,11149.png,233,636,3,0.3663522012578616,False,0,0.0,0,0,True,OK,normal
train,11150,11150.png,227,632,3,0.35917721518987344,False,0,0.0,0,0,True,OK,normal
train,11151,11151.png,222,638,3,0.34796238244514105,False,0,0.0,0,0,True,OK,normal
train,11152,11152.png,227,639,3,0.35524256651017216,False,0,0.0,0,0,True,OK,normal
train,11153,11153.png,225,631,3,0.35657686212361334,False,0,0.0,0,0,True,OK,normal
train,11154,11154.png,226,616,3,0.36688311688311687,False,0,0.0,0,0,True,OK,normal
train,11155,11155.png,227,629,3,0.36089030206677264,False,0,0.0,0,0,True,OK,normal
train,11156,11156.png,230,641,3,0.358814352574103,False,0,0.0,0,0,True,OK,normal
train,11157,11157.png,227,623,3,0.36436597110754415,False,0,0.0,0,0,True,OK,normal
train,11158,11158.png,229,635,3,0.3606299212598425,False,0,0.0,0,0,True,OK,normal
train,11159,11159.png,231,636,3,0.3632075471698113,False,0,0.0,0,0,True,OK,normal
train,11160,11160.png,235,639,3,0.3677621283255086,False,0,0.0,0,0,True,OK,normal
train,11161,11161.png,225,631,3,0.35657686212361334,False,0,0.0,0,0,True,OK,normal
train,11162,11162.png,200,640,3,0.3125,False,0,0.0,0,0,True,OK,normal
train,11163,11163.png,236,638,3,0.36990595611285265,False,0,0.0,0,0,True,OK,normal
train,11164,11164.png,231,634,3,0.3643533123028391,False,0,0.0,0,0,True,OK,normal
train,11165,11165.png,231,637,3,0.3626373626373626,False,0,0.0,0,0,True,OK,normal
train,11166,11166.png,233,629,3,0.37042925278219396,False,0,0.0,0,0,True,OK,normal
train,11167,11167.png,226,632,3,0.3575949367088608,False,0,0.0,0,0,True,OK,normal
train,11168,11168.png,233,640,3,0.3640625,False,0,0.0,0,0,True,OK,normal
train,11169,11169.png,235,647,3,0.36321483771251933,True,532,0.3498964122463744,1,532,True,OK,small
train,11170,11170.png,233,636,3,0.3663522012578616,False,0,0.0,0,0,True,OK,normal
train,11171,11171.png,233,645,3,0.3612403100775194,False,0,0.0,0,0,True,OK,normal
train,11172,11172.png,226,636,3,0.3553459119496855,False,0,0.0,0,0,True,OK,normal
train,11173,11173.png,226,637,3,0.35478806907378335,False,0,0.0,0,0,True,OK,normal
train,11174,11174.png,230,651,3,0.3533026113671275,False,0,0.0,0,0,True,OK,normal
train,11175,11175.png,232,637,3,0.3642072213500785,False,0,0.0,0,0,True,OK,normal
train,11176,11176.png,232,638,3,0.36363636363636365,False,0,0.0,0,0,True,OK,normal
train,11177,11177.png,226,634,3,0.35646687697160884,False,0,0.0,0,0,True,OK,normal
train,11178,11178.png,233,639,3,0.3646322378716745,True,7049,4.734463049158086,1,7049,True,OK,large
train,11179,11179.png,221,632,3,0.34968354430379744,False,0,0.0,0,0,True,OK,normal
train,11180,11180.png,231,638,3,0.3620689655172414,False,0,0.0,0,0,True,OK,normal
train,11181,11181.png,229,648,3,0.3533950617283951,False,0,0.0,0,0,True,OK,normal
train,11182,11182.png,228,626,3,0.36421725239616615,False,0,0.0,0,0,True,OK,normal
train,11183,11183.png,228,645,3,0.35348837209302325,False,0,0.0,0,0,True,OK,normal
train,11184,11184.png,229,638,3,0.35893416927899685,False,0,0.0,0,0,True,OK,normal
train,11185,11185.png,228,642,3,0.35514018691588783,False,0,0.0,0,0,True,OK,normal
train,11186,11186.png,231,636,3,0.3632075471698113,False,0,0.0,0,0,True,OK,normal
train,11187,11187.png,238,639,3,0.37245696400625977,True,1249,0.8212674741258006,1,1249,True,OK,small
train,11188,11188.png,229,634,3,0.361198738170347,False,0,0.0,0,0,True,OK,normal
train,11189,11189.png,228,631,3,0.3613312202852615,False,0,0.0,0,0,True,OK,normal
train,11190,11190.png,232,637,3,0.3642072213500785,True,3671,2.484030747577546,1,3671,True,OK,medium
train,11191,11191.png,231,636,3,0.3632075471698113,False,0,0.0,0,0,True,OK,normal
train,11192,11192.png,233,637,3,0.36577708006279436,False,0,0.0,0,0,True,OK,normal
train,11193,11193.png,228,632,3,0.36075949367088606,False,0,0.0,0,0,True,OK,normal
train,11194,11194.png,232,640,3,0.3625,False,0,0.0,0,0,True,OK,normal
train,11195,11195.png,235,638,3,0.3683385579937304,True,4356,2.905355832721937,1,4356,True,OK,large
train,11196,11196.png,224,633,3,0.353870458135861,False,0,0.0,0,0,True,OK,normal
train,11197,11197.png,229,632,3,0.3623417721518987,False,0,0.0,0,0,True,OK,normal
train,11198,11198.png,230,632,3,0.3639240506329114,False,0,0.0,0,0,True,OK,normal
train,11199,11199.png,231,638,3,0.3620689655172414,False,0,0.0,0,0,True,OK,normal
train,11200,11200.png,228,641,3,0.35569422776911075,False,0,0.0,0,0,True,OK,normal
train,11201,11201.png,227,632,3,0.35917721518987344,False,0,0.0,0,0,True,OK,normal
train,11202,11202.png,234,632,3,0.370253164556962,False,0,0.0,0,0,True,OK,normal
train,11203,11203.png,230,637,3,0.36106750392464676,False,0,0.0,0,0,True,OK,normal
train,11204,11204.png,232,630,3,0.3682539682539683,False,0,0.0,0,0,True,OK,normal
train,11205,11205.png,226,637,3,0.35478806907378335,False,0,0.0,0,0,True,OK,normal
train,11206,11206.png,233,641,3,0.36349453978159124,False,0,0.0,0,0,True,OK,normal
train,11207,11207.png,226,629,3,0.35930047694753575,False,0,0.0,0,0,True,OK,normal
train,11208,11208.png,230,643,3,0.35769828926905134,False,0,0.0,0,0,True,OK,normal
train,11209,11209.png,225,635,3,0.3543307086614173,False,0,0.0,0,0,True,OK,normal
train,11210,11210.png,222,631,3,0.3518225039619651,False,0,0.0,0,0,True,OK,normal
train,11211,11211.png,229,641,3,0.35725429017160687,False,0,0.0,0,0,True,OK,normal
train,11212,11212.png,228,633,3,0.36018957345971564,False,0,0.0,0,0,True,OK,normal
train,11213,11213.png,230,638,3,0.3605015673981191,False,0,0.0,0,0,True,OK,normal
train,11214,11214.png,231,637,3,0.3626373626373626,True,17701,12.029467131507948,1,17701,True,OK,large
train,11215,11215.png,228,634,3,0.35962145110410093,False,0,0.0,0,0,True,OK,normal
train,11216,11216.png,225,629,3,0.35771065182829886,False,0,0.0,0,0,True,OK,normal
train,11217,11217.png,232,648,3,0.35802469135802467,False,0,0.0,0,0,True,OK,normal
train,11218,11218.png,199,631,3,0.3153724247226624,False,0,0.0,0,0,True,OK,normal
train,11219,11219.png,224,632,3,0.35443037974683544,False,0,0.0,0,0,True,OK,normal
train,11220,11220.png,229,641,3,0.35725429017160687,False,0,0.0,0,0,True,OK,normal
train,11221,11221.png,229,646,3,0.3544891640866873,False,0,0.0,0,0,True,OK,normal
train,11222,11222.png,229,630,3,0.3634920634920635,False,0,0.0,0,0,True,OK,normal
train,11223,11223.png,230,636,3,0.36163522012578614,False,0,0.0,0,0,True,OK,normal
train,11224,11224.png,225,632,3,0.3560126582278481,False,0,0.0,0,0,True,OK,normal
train,11225,11225.png,229,633,3,0.3617693522906793,False,0,0.0,0,0,True,OK,normal
train,11226,11226.png,229,645,3,0.3550387596899225,False,0,0.0,0,0,True,OK,normal
train,11227,11227.png,229,638,3,0.35893416927899685,False,0,0.0,0,0,True,OK,normal
train,11228,11228.png,232,639,3,0.36306729264475746,True,6220,4.195672116993147,1,6220,True,OK,large
train,11229,11229.png,239,647,3,0.3693972179289026,False,0,0.0,0,0,True,OK,normal
train,11230,11230.png,234,638,3,0.3667711598746082,True,62,0.04152935187417946,1,62,True,OK,small
train,11231,11231.png,230,647,3,0.3554868624420402,False,0,0.0,0,0,True,OK,normal
train,11232,11232.png,233,638,3,0.3652037617554859,False,0,0.0,0,0,True,OK,normal
train,11233,11233.png,234,647,3,0.3616692426584235,False,0,0.0,0,0,True,OK,normal
train,11234,11234.png,236,645,3,0.36589147286821705,False,0,0.0,0,0,True,OK,normal
train,11235,11235.png,227,639,3,0.35524256651017216,False,0,0.0,0,0,True,OK,normal
train,11236,11236.png,233,649,3,0.35901386748844377,False,0,0.0,0,0,True,OK,normal
train,11237,11237.png,232,632,3,0.3670886075949367,False,0,0.0,0,0,True,OK,normal
train,11238,11238.png,229,637,3,0.35949764521193095,False,0,0.0,0,0,True,OK,normal
train,11239,11239.png,231,641,3,0.36037441497659906,False,0,0.0,0,0,True,OK,normal
train,11240,11240.png,228,608,3,0.375,False,0,0.0,0,0,True,OK,normal
train,11241,11241.png,229,642,3,0.35669781931464173,False,0,0.0,0,0,True,OK,normal
train,11242,11242.png,228,647,3,0.35239567233384855,True,3718,2.520404566284335,1,3718,True,OK,large
train,11243,11243.png,226,639,3,0.3536776212832551,False,0,0.0,0,0,True,OK,normal
train,11244,11244.png,227,632,3,0.35917721518987344,False,0,0.0,0,0,True,OK,normal
train,11245,11245.png,233,642,3,0.3629283489096573,False,0,0.0,0,0,True,OK,normal
train,11246,11246.png,229,636,3,0.360062893081761,False,0,0.0,0,0,True,OK,normal
train,11247,11247.png,225,634,3,0.3548895899053628,False,0,0.0,0,0,True,OK,normal
train,11248,11248.png,230,644,3,0.35714285714285715,False,0,0.0,0,0,True,OK,normal
train,11249,11249.png,226,637,3,0.35478806907378335,False,0,0.0,0,0,True,OK,normal
train,11250,11250.png,232,637,3,0.3642072213500785,True,2293,1.5515888052833866,1,2293,True,OK,medium
train,11251,11251.png,232,631,3,0.3676703645007924,False,0,0.0,0,0,True,OK,normal
train,11252,11252.png,236,629,3,0.3751987281399046,False,0,0.0,0,0,True,OK,normal
train,11253,11253.png,232,631,3,0.3676703645007924,False,0,0.0,0,0,True,OK,normal
train,11254,11254.png,235,625,3,0.376,False,0,0.0,0,0,True,OK,normal
train,11255,11255.png,237,643,3,0.36858475894245724,False,0,0.0,0,0,True,OK,normal
train,11256,11256.png,228,640,3,0.35625,False,0,0.0,0,0,True,OK,normal
train,11257,11257.png,205,632,3,0.32436708860759494,False,0,0.0,0,0,True,OK,normal
train,11258,11258.png,237,633,3,0.3744075829383886,True,1737,1.157837902693623,1,1737,True,OK,medium
train,11259,11259.png,236,642,3,0.367601246105919,False,0,0.0,0,0,True,OK,normal
train,11260,11260.png,230,634,3,0.3627760252365931,False,0,0.0,0,0,True,OK,normal
train,11261,11261.png,232,634,3,0.3659305993690852,False,0,0.0,0,0,True,OK,normal
train,11262,11262.png,235,639,3,0.3677621283255086,False,0,0.0,0,0,True,OK,normal
train,11263,11263.png,231,635,3,0.3637795275590551,False,0,0.0,0,0,True,OK,normal
train,11264,11264.png,232,636,3,0.36477987421383645,False,0,0.0,0,0,True,OK,normal
train,11265,11265.png,227,642,3,0.35358255451713394,False,0,0.0,0,0,True,OK,normal
train,11266,11266.png,235,639,3,0.3677621283255086,False,0,0.0,0,0,True,OK,normal
train,11267,11267.png,225,642,3,0.35046728971962615,False,0,0.0,0,0,True,OK,normal
train,11268,11268.png,236,631,3,0.37400950871632327,False,0,0.0,0,0,True,OK,normal
train,11269,11269.png,236,642,3,0.367601246105919,True,162,0.10692222398225883,1,162,True,OK,small
train,11270,11270.png,231,641,3,0.36037441497659906,False,0,0.0,0,0,True,OK,normal
train,11271,11271.png,233,652,3,0.35736196319018404,False,0,0.0,0,0,True,OK,normal
train,11272,11272.png,236,640,3,0.36875,False,0,0.0,0,0,True,OK,normal
train,11273,11273.png,228,639,3,0.3568075117370892,False,0,0.0,0,0,True,OK,normal
train,11274,11274.png,230,633,3,0.36334913112164297,False,0,0.0,0,0,True,OK,normal
train,11275,11275.png,236,640,3,0.36875,False,0,0.0,0,0,True,OK,normal
train,11276,11276.png,232,638,3,0.36363636363636365,False,0,0.0,0,0,True,OK,normal
train,11277,11277.png,228,652,3,0.3496932515337423,False,0,0.0,0,0,True,OK,normal
train,11278,11278.png,231,637,3,0.3626373626373626,False,0,0.0,0,0,True,OK,normal
train,11279,11279.png,234,638,3,0.3667711598746082,False,0,0.0,0,0,True,OK,normal
train,11280,11280.png,229,646,3,0.3544891640866873,False,0,0.0,0,0,True,OK,normal
train,11281,11281.png,231,643,3,0.359253499222395,False,0,0.0,0,0,True,OK,normal
train,11282,11282.png,228,630,3,0.3619047619047619,True,1635,1.1382623224728488,1,1635,True,OK,medium
train,11283,11283.png,229,631,3,0.3629160063391442,False,0,0.0,0,0,True,OK,normal
train,11284,11284.png,230,639,3,0.3599374021909233,False,0,0.0,0,0,True,OK,normal
train,11285,11285.png,232,642,3,0.3613707165109034,False,0,0.0,0,0,True,OK,normal
train,11286,11286.png,213,653,3,0.32618683001531396,False,0,0.0,0,0,True,OK,normal
train,11287,11287.png,225,634,3,0.3548895899053628,False,0,0.0,0,0,True,OK,normal
train,11288,11288.png,226,630,3,0.35873015873015873,False,0,0.0,0,0,True,OK,normal
train,11289,11289.png,235,637,3,0.36891679748822603,False,0,0.0,0,0,True,OK,normal
train,11290,11290.png,232,640,3,0.3625,False,0,0.0,0,0,True,OK,normal
train,11291,11291.png,233,645,3,0.3612403100775194,False,0,0.0,0,0,True,OK,normal
train,11292,11292.png,225,636,3,0.35377358490566035,False,0,0.0,0,0,True,OK,normal
train,11293,11293.png,226,628,3,0.35987261146496813,False,0,0.0,0,0,True,OK,normal
train,11294,11294.png,224,635,3,0.352755905511811,False,0,0.0,0,0,True,OK,normal
train,11295,11295.png,232,631,3,0.3676703645007924,False,0,0.0,0,0,True,OK,normal
train,11296,11296.png,227,644,3,0.35248447204968947,False,0,0.0,0,0,True,OK,normal
train,11297,11297.png,226,640,3,0.353125,False,0,0.0,0,0,True,OK,normal
train,11298,11298.png,232,650,3,0.3569230769230769,False,0,0.0,0,0,True,OK,normal
train,11299,11299.png,231,640,3,0.3609375,True,2742,1.8547077922077924,1,2742,True,OK,medium
train,11300,11300.png,228,642,3,0.35514018691588783,False,0,0.0,0,0,True,OK,normal
train,11301,11301.png,228,639,3,0.3568075117370892,False,0,0.0,0,0,True,OK,normal
train,11302,11302.png,229,640,3,0.3578125,False,0,0.0,0,0,True,OK,normal
train,11303,11303.png,225,634,3,0.3548895899053628,False,0,0.0,0,0,True,OK,normal
train,11304,11304.png,223,628,3,0.35509554140127386,False,0,0.0,0,0,True,OK,normal
train,11305,11305.png,232,630,3,0.3682539682539683,False,0,0.0,0,0,True,OK,normal
train,11306,11306.png,231,634,3,0.3643533123028391,False,0,0.0,0,0,True,OK,normal
train,11307,11307.png,229,631,3,0.3629160063391442,False,0,0.0,0,0,True,OK,normal
train,11308,11308.png,230,633,3,0.36334913112164297,False,0,0.0,0,0,True,OK,normal
train,11309,11309.png,232,643,3,0.3608087091757387,False,0,0.0,0,0,True,OK,normal
train,11310,11310.png,228,637,3,0.3579277864992151,False,0,0.0,0,0,True,OK,normal
train,11311,11311.png,233,641,3,0.36349453978159124,False,0,0.0,0,0,True,OK,normal
train,11312,11312.png,231,632,3,0.36550632911392406,False,0,0.0,0,0,True,OK,normal
train,11313,11313.png,230,647,3,0.3554868624420402,False,0,0.0,0,0,True,OK,normal
train,11314,11314.png,228,631,3,0.3613312202852615,False,0,0.0,0,0,True,OK,normal
train,11315,11315.png,226,655,3,0.3450381679389313,True,16070,10.855907586300075,1,16070,True,OK,large
train,11316,11316.png,224,632,3,0.35443037974683544,False,0,0.0,0,0,True,OK,normal
train,11317,11317.png,234,630,3,0.37142857142857144,False,0,0.0,0,0,True,OK,normal
train,11318,11318.png,229,639,3,0.35837245696400627,False,0,0.0,0,0,True,OK,normal
train,11319,11319.png,228,643,3,0.3545878693623639,False,0,0.0,0,0,True,OK,normal
train,11320,11320.png,225,638,3,0.35266457680250785,False,0,0.0,0,0,True,OK,normal
train,11321,11321.png,232,627,3,0.3700159489633174,False,0,0.0,0,0,True,OK,normal
train,11322,11322.png,234,643,3,0.36391912908242613,False,0,0.0,0,0,True,OK,normal
train,11323,11323.png,228,632,3,0.36075949367088606,False,0,0.0,0,0,True,OK,normal
train,11324,11324.png,231,640,3,0.3609375,False,0,0.0,0,0,True,OK,normal
train,11325,11325.png,232,638,3,0.36363636363636365,False,0,0.0,0,0,True,OK,normal
train,11326,11326.png,234,633,3,0.3696682464454976,False,0,0.0,0,0,True,OK,normal
train,11327,11327.png,227,630,3,0.3603174603174603,False,0,0.0,0,0,True,OK,normal
train,11328,11328.png,230,632,3,0.3639240506329114,False,0,0.0,0,0,True,OK,normal
train,11329,11329.png,220,634,3,0.3470031545741325,False,0,0.0,0,0,True,OK,normal
train,11330,11330.png,221,638,3,0.3463949843260188,False,0,0.0,0,0,True,OK,normal
train,11331,11331.png,228,629,3,0.3624801271860095,False,0,0.0,0,0,True,OK,normal
train,11332,11332.png,238,628,3,0.37898089171974525,False,0,0.0,0,0,True,OK,normal
train,11333,11333.png,215,645,3,0.3333333333333333,False,0,0.0,0,0,True,OK,normal
train,11334,11334.png,234,637,3,0.3673469387755102,False,0,0.0,0,0,True,OK,normal
train,11335,11335.png,227,641,3,0.3541341653666147,False,0,0.0,0,0,True,OK,normal
train,11336,11336.png,230,630,3,0.36507936507936506,False,0,0.0,0,0,True,OK,normal
train,11337,11337.png,225,639,3,0.352112676056338,False,0,0.0,0,0,True,OK,normal
train,11338,11338.png,228,640,3,0.35625,False,0,0.0,0,0,True,OK,normal
train,11339,11339.png,228,636,3,0.3584905660377358,True,642,0.4427341939755048,1,642,True,OK,small
train,11340,11340.png,230,645,3,0.35658914728682173,False,0,0.0,0,0,True,OK,normal
train,11341,11341.png,227,632,3,0.35917721518987344,False,0,0.0,0,0,True,OK,normal
train,11342,11342.png,230,632,3,0.3639240506329114,False,0,0.0,0,0,True,OK,normal
train,11343,11343.png,232,652,3,0.3558282208588957,False,0,0.0,0,0,True,OK,normal
train,11344,11344.png,232,638,3,0.36363636363636365,False,0,0.0,0,0,True,OK,normal
train,11345,11345.png,229,632,3,0.3623417721518987,False,0,0.0,0,0,True,OK,normal
train,11346,11346.png,229,633,3,0.3617693522906793,False,0,0.0,0,0,True,OK,normal
train,11347,11347.png,226,627,3,0.36044657097288674,False,0,0.0,0,0,True,OK,normal
train,11348,11348.png,231,640,3,0.3609375,False,0,0.0,0,0,True,OK,normal
train,11349,11349.png,234,635,3,0.36850393700787404,False,0,0.0,0,0,True,OK,normal
train,11350,11350.png,230,642,3,0.3582554517133956,True,2222,1.5048083434918056,1,2222,True,OK,medium
train,11351,11351.png,221,629,3,0.35135135135135137,True,2841,2.043752562783705,1,2841,True,OK,medium
train,11352,11352.png,232,638,3,0.36363636363636365,False,0,0.0,0,0,True,OK,normal
train,11353,11353.png,235,636,3,0.3694968553459119,False,0,0.0,0,0,True,OK,normal
train,11354,11354.png,228,633,3,0.36018957345971564,False,0,0.0,0,0,True,OK,normal
train,11355,11355.png,230,638,3,0.3605015673981191,False,0,0.0,0,0,True,OK,normal
train,11356,11356.png,233,639,3,0.3646322378716745,False,0,0.0,0,0,True,OK,normal
train,11357,11357.png,220,635,3,0.3464566929133858,False,0,0.0,0,0,True,OK,normal
train,11358,11358.png,232,644,3,0.36024844720496896,False,0,0.0,0,0,True,OK,normal
train,11359,11359.png,222,629,3,0.35294117647058826,False,0,0.0,0,0,True,OK,normal
train,11360,11360.png,228,644,3,0.35403726708074534,True,1000,0.6810504522175003,1,1000,True,OK,small
train,11361,11361.png,231,632,3,0.36550632911392406,False,0,0.0,0,0,True,OK,normal
train,11362,11362.png,226,636,3,0.3553459119496855,False,0,0.0,0,0,True,OK,normal
train,11363,11363.png,231,625,3,0.3696,True,861,0.5963636363636363,2,617,True,OK,small
train,11364,11364.png,237,650,3,0.3646153846153846,True,531,0.34469328140214217,1,531,True,OK,small
train,11365,11365.png,234,633,3,0.3696682464454976,False,0,0.0,0,0,True,OK,normal
train,11366,11366.png,232,632,3,0.3670886075949367,False,0,0.0,0,0,True,OK,normal
train,11367,11367.png,231,633,3,0.36492890995260663,False,0,0.0,0,0,True,OK,normal
train,11368,11368.png,232,637,3,0.3642072213500785,False,0,0.0,0,0,True,OK,normal
train,11369,11369.png,230,633,3,0.36334913112164297,False,0,0.0,0,0,True,OK,normal
train,11370,11370.png,233,642,3,0.3629283489096573,False,0,0.0,0,0,True,OK,normal
train,11371,11371.png,228,648,3,0.35185185185185186,False,0,0.0,0,0,True,OK,normal
train,11372,11372.png,226,639,3,0.3536776212832551,False,0,0.0,0,0,True,OK,normal
train,11373,11373.png,232,632,3,0.3670886075949367,False,0,0.0,0,0,True,OK,normal
train,11374,11374.png,230,635,3,0.36220472440944884,False,0,0.0,0,0,True,OK,normal
train,11375,11375.png,234,645,3,0.3627906976744186,False,0,0.0,0,0,True,OK,normal
train,11376,11376.png,230,630,3,0.36507936507936506,False,0,0.0,0,0,True,OK,normal
train,11377,11377.png,231,633,3,0.36492890995260663,False,0,0.0,0,0,True,OK,normal
train,11378,11378.png,229,633,3,0.3617693522906793,False,0,0.0,0,0,True,OK,normal
train,11379,11379.png,228,630,3,0.3619047619047619,False,0,0.0,0,0,True,OK,normal
train,11380,11380.png,237,639,3,0.37089201877934275,False,0,0.0,0,0,True,OK,normal
train,11381,11381.png,229,635,3,0.3606299212598425,False,0,0.0,0,0,True,OK,normal
train,11382,11382.png,234,639,3,0.36619718309859156,False,0,0.0,0,0,True,OK,normal
train,11383,11383.png,234,642,3,0.3644859813084112,False,0,0.0,0,0,True,OK,normal
train,11384,11384.png,230,636,3,0.36163522012578614,False,0,0.0,0,0,True,OK,normal
train,11385,11385.png,230,641,3,0.358814352574103,False,0,0.0,0,0,True,OK,normal
train,11386,11386.png,226,628,3,0.35987261146496813,True,839,0.591144805817034,1,839,True,OK,small
train,11387,11387.png,234,645,3,0.3627906976744186,False,0,0.0,0,0,True,OK,normal
train,11388,11388.png,234,633,3,0.3696682464454976,True,2273,1.534545847342056,1,2273,True,OK,medium
train,11389,11389.png,216,632,3,0.34177215189873417,False,0,0.0,0,0,True,OK,normal
train,11390,11390.png,228,636,3,0.3584905660377358,False,0,0.0,0,0,True,OK,normal
train,11391,11391.png,232,638,3,0.36363636363636365,False,0,0.0,0,0,True,OK,normal
train,11392,11392.png,232,642,3,0.3613707165109034,False,0,0.0,0,0,True,OK,normal
train,11393,11393.png,222,627,3,0.35406698564593303,False,0,0.0,0,0,True,OK,normal
train,11394,11394.png,230,637,3,0.36106750392464676,False,0,0.0,0,0,True,OK,normal
train,11395,11395.png,228,651,3,0.35023041474654376,False,0,0.0,0,0,True,OK,normal
train,11396,11396.png,229,624,3,0.36698717948717946,False,0,0.0,0,0,True,OK,normal
train,11397,11397.png,230,629,3,0.3656597774244833,False,0,0.0,0,0,True,OK,normal
train,11398,11398.png,225,647,3,0.34775888717156106,True,7012,4.81676111969775,1,7012,True,OK,large
train,11399,11399.png,234,646,3,0.3622291021671827,False,0,0.0,0,0,True,OK,normal
train,11400,11400.png,230,638,3,0.3605015673981191,False,0,0.0,0,0,True,OK,normal
train,11401,11401.png,228,631,3,0.3613312202852615,False,0,0.0,0,0,True,OK,normal
train,11402,11402.png,230,636,3,0.36163522012578614,False,0,0.0,0,0,True,OK,normal
train,11403,11403.png,232,632,3,0.3670886075949367,False,0,0.0,0,0,True,OK,normal
train,11404,11404.png,227,636,3,0.35691823899371067,True,3847,2.6646441138170838,1,3847,True,OK,large
train,11405,11405.png,219,636,3,0.3443396226415094,False,0,0.0,0,0,True,OK,normal
train,11406,11406.png,237,643,3,0.36858475894245724,False,0,0.0,0,0,True,OK,normal
train,11407,11407.png,229,646,3,0.3544891640866873,False,0,0.0,0,0,True,OK,normal
train,11408,11408.png,225,634,3,0.3548895899053628,False,0,0.0,0,0,True,OK,normal
train,11409,11409.png,231,634,3,0.3643533123028391,False,0,0.0,0,0,True,OK,normal
train,11410,11410.png,236,648,3,0.36419753086419754,False,0,0.0,0,0,True,OK,normal
train,11411,11411.png,238,642,3,0.3707165109034268,False,0,0.0,0,0,True,OK,normal
train,11412,11412.png,231,637,3,0.3626373626373626,False,0,0.0,0,0,True,OK,normal
train,11413,11413.png,227,631,3,0.35974643423137875,False,0,0.0,0,0,True,OK,normal
train,11414,11414.png,229,641,3,0.35725429017160687,False,0,0.0,0,0,True,OK,normal
train,11415,11415.png,234,643,3,0.36391912908242613,False,0,0.0,0,0,True,OK,normal
train,11416,11416.png,226,632,3,0.3575949367088608,False,0,0.0,0,0,True,OK,normal
train,11417,11417.png,229,634,3,0.361198738170347,True,627,0.4318598211948811,1,627,True,OK,small
train,11418,11418.png,226,630,3,0.35873015873015873,False,0,0.0,0,0,True,OK,normal
train,11419,11419.png,240,642,3,0.37383177570093457,False,0,0.0,0,0,True,OK,normal
train,11420,11420.png,228,630,3,0.3619047619047619,False,0,0.0,0,0,True,OK,normal
train,11421,11421.png,228,631,3,0.3613312202852615,False,0,0.0,0,0,True,OK,normal
train,11422,11422.png,239,640,3,0.3734375,False,0,0.0,0,0,True,OK,normal
train,11423,11423.png,226,640,3,0.353125,False,0,0.0,0,0,True,OK,normal
train,11424,11424.png,228,640,3,0.35625,False,0,0.0,0,0,True,OK,normal
train,11425,11425.png,235,637,3,0.36891679748822603,False,0,0.0,0,0,True,OK,normal
train,11426,11426.png,230,640,3,0.359375,False,0,0.0,0,0,True,OK,normal
train,11427,11427.png,229,634,3,0.361198738170347,False,0,0.0,0,0,True,OK,normal
train,11428,11428.png,233,638,3,0.3652037617554859,False,0,0.0,0,0,True,OK,normal
train,11429,11429.png,226,636,3,0.3553459119496855,False,0,0.0,0,0,True,OK,normal
train,11430,11430.png,230,629,3,0.3656597774244833,True,3987,2.755927282781503,1,3987,True,OK,large
train,11431,11431.png,230,636,3,0.36163522012578614,False,0,0.0,0,0,True,OK,normal
train,11432,11432.png,231,640,3,0.3609375,True,2066,1.39745670995671,1,2066,True,OK,medium
train,11433,11433.png,229,638,3,0.35893416927899685,False,0,0.0,0,0,True,OK,normal
train,11434,11434.png,229,628,3,0.3646496815286624,False,0,0.0,0,0,True,OK,normal
train,11435,11435.png,226,625,3,0.3616,False,0,0.0,0,0,True,OK,normal
train,11436,11436.png,224,637,3,0.3516483516483517,False,0,0.0,0,0,True,OK,normal
train,11437,11437.png,230,645,3,0.35658914728682173,False,0,0.0,0,0,True,OK,normal
train,11438,11438.png,226,634,3,0.35646687697160884,False,0,0.0,0,0,True,OK,normal
train,11439,11439.png,228,644,3,0.35403726708074534,False,0,0.0,0,0,True,OK,normal
train,11440,11440.png,228,643,3,0.3545878693623639,False,0,0.0,0,0,True,OK,normal
train,11441,11441.png,232,631,3,0.3676703645007924,False,0,0.0,0,0,True,OK,normal
train,11442,11442.png,228,643,3,0.3545878693623639,False,0,0.0,0,0,True,OK,normal
train,11443,11443.png,234,638,3,0.3667711598746082,False,0,0.0,0,0,True,OK,normal
train,11444,11444.png,235,647,3,0.36321483771251933,True,2204,1.4495708507349798,3,1043,True,OK,medium
train,11445,11445.png,231,641,3,0.36037441497659906,False,0,0.0,0,0,True,OK,normal
train,11446,11446.png,227,636,3,0.35691823899371067,False,0,0.0,0,0,True,OK,normal
train,11447,11447.png,234,633,3,0.3696682464454976,True,3090,2.0861181998622755,1,3090,True,OK,medium
train,11448,11448.png,224,630,3,0.35555555555555557,False,0,0.0,0,0,True,OK,normal
train,11449,11449.png,228,638,3,0.3573667711598746,False,0,0.0,0,0,True,OK,normal
train,11450,11450.png,232,642,3,0.3613707165109034,False,0,0.0,0,0,True,OK,normal
train,11451,11451.png,227,647,3,0.3508500772797527,False,0,0.0,0,0,True,OK,normal
train,11452,11452.png,234,643,3,0.36391912908242613,False,0,0.0,0,0,True,OK,normal
train,11453,11453.png,233,653,3,0.3568147013782542,False,0,0.0,0,0,True,OK,normal
train,11454,11454.png,212,634,3,0.334384858044164,False,0,0.0,0,0,True,OK,normal
train,11455,11455.png,234,644,3,0.36335403726708076,False,0,0.0,0,0,True,OK,normal
train,11456,11456.png,234,636,3,0.36792452830188677,False,0,0.0,0,0,True,OK,normal
train,11457,11457.png,233,632,3,0.3686708860759494,False,0,0.0,0,0,True,OK,normal
train,11458,11458.png,226,635,3,0.35590551181102364,True,471,0.32820012542679955,1,471,True,OK,small
train,11459,11459.png,224,625,3,0.3584,False,0,0.0,0,0,True,OK,normal
train,11460,11460.png,232,634,3,0.3659305993690852,False,0,0.0,0,0,True,OK,normal
train,11461,11461.png,232,653,3,0.3552833078101072,False,0,0.0,0,0,True,OK,normal
train,11462,11462.png,233,640,3,0.3640625,False,0,0.0,0,0,True,OK,normal
train,11463,11463.png,233,640,3,0.3640625,False,0,0.0,0,0,True,OK,normal
train,11464,11464.png,223,620,3,0.3596774193548387,False,0,0.0,0,0,True,OK,normal
train,11465,11465.png,232,639,3,0.36306729264475746,False,0,0.0,0,0,True,OK,normal
train,11466,11466.png,229,638,3,0.35893416927899685,False,0,0.0,0,0,True,OK,normal
train,11467,11467.png,230,636,3,0.36163522012578614,False,0,0.0,0,0,True,OK,normal
train,11468,11468.png,231,630,3,0.36666666666666664,False,0,0.0,0,0,True,OK,normal
train,11469,11469.png,226,631,3,0.358161648177496,False,0,0.0,0,0,True,OK,normal
train,11470,11470.png,227,640,3,0.3546875,False,0,0.0,0,0,True,OK,normal
train,11471,11471.png,227,640,3,0.3546875,False,0,0.0,0,0,True,OK,normal
train,11472,11472.png,229,638,3,0.35893416927899685,False,0,0.0,0,0,True,OK,normal
train,11473,11473.png,232,635,3,0.3653543307086614,False,0,0.0,0,0,True,OK,normal
train,11474,11474.png,231,627,3,0.3684210526315789,False,0,0.0,0,0,True,OK,normal
train,11475,11475.png,224,625,3,0.3584,False,0,0.0,0,0,True,OK,normal
train,11476,11476.png,217,631,3,0.3438985736925515,False,0,0.0,0,0,True,OK,normal
train,11477,11477.png,230,642,3,0.3582554517133956,True,2528,1.7120411756738452,1,2528,True,OK,medium
train,11478,11478.png,231,650,3,0.3553846153846154,False,0,0.0,0,0,True,OK,normal
train,11479,11479.png,227,633,3,0.358609794628752,False,0,0.0,0,0,True,OK,normal
train,11480,11480.png,229,644,3,0.3555900621118012,False,0,0.0,0,0,True,OK,normal
train,11481,11481.png,227,632,3,0.35917721518987344,True,852,0.5938772096135616,1,852,True,OK,small
train,11482,11482.png,235,632,3,0.37183544303797467,True,265,0.17842714785887423,1,265,True,OK,small
train,11483,11483.png,231,643,3,0.359253499222395,False,0,0.0,0,0,True,OK,normal
train,11484,11484.png,226,629,3,0.35930047694753575,False,0,0.0,0,0,True,OK,normal
train,11485,11485.png,227,625,3,0.3632,False,0,0.0,0,0,True,OK,normal
train,11486,11486.png,230,635,3,0.36220472440944884,False,0,0.0,0,0,True,OK,normal
train,11487,11487.png,230,640,3,0.359375,False,0,0.0,0,0,True,OK,normal
train,11488,11488.png,234,642,3,0.3644859813084112,False,0,0.0,0,0,True,OK,normal
train,11489,11489.png,233,649,3,0.35901386748844377,False,0,0.0,0,0,True,OK,normal
train,11490,11490.png,231,629,3,0.3672496025437202,False,0,0.0,0,0,True,OK,normal
train,11491,11491.png,231,641,3,0.36037441497659906,False,0,0.0,0,0,True,OK,normal
train,11492,11492.png,226,635,3,0.35590551181102364,False,0,0.0,0,0,True,OK,normal
train,11493,11493.png,227,645,3,0.351937984496124,False,0,0.0,0,0,True,OK,normal
train,11494,11494.png,205,630,3,0.3253968253968254,False,0,0.0,0,0,True,OK,normal
train,11495,11495.png,229,639,3,0.35837245696400627,False,0,0.0,0,0,True,OK,normal
train,11496,11496.png,224,638,3,0.3510971786833856,False,0,0.0,0,0,True,OK,normal
train,11497,11497.png,233,650,3,0.35846153846153844,False,0,0.0,0,0,True,OK,normal
train,11498,11498.png,231,643,3,0.359253499222395,False,0,0.0,0,0,True,OK,normal
train,11499,11499.png,231,643,3,0.359253499222395,False,0,0.0,0,0,True,OK,normal
train,11500,11500.png,226,630,3,0.35873015873015873,True,5461,3.83551060542211,1,5461,True,OK,large
train,11501,11501.png,227,636,3,0.35691823899371067,False,0,0.0,0,0,True,OK,normal
train,11502,11502.png,229,635,3,0.3606299212598425,False,0,0.0,0,0,True,OK,normal
train,11503,11503.png,234,645,3,0.3627906976744186,False,0,0.0,0,0,True,OK,normal
train,11504,11504.png,229,633,3,0.3617693522906793,False,0,0.0,0,0,True,OK,normal
train,11505,11505.png,229,643,3,0.3561430793157076,False,0,0.0,0,0,True,OK,normal
train,11506,11506.png,226,634,3,0.35646687697160884,True,883,0.6162586192456939,1,883,True,OK,small
train,11507,11507.png,216,631,3,0.34231378763866877,False,0,0.0,0,0,True,OK,normal
train,11508,11508.png,225,627,3,0.3588516746411483,False,0,0.0,0,0,True,OK,normal
train,11509,11509.png,224,632,3,0.35443037974683544,False,0,0.0,0,0,True,OK,normal
train,11510,11510.png,228,644,3,0.35403726708074534,False,0,0.0,0,0,True,OK,normal
train,11511,11511.png,231,644,3,0.358695652173913,False,0,0.0,0,0,True,OK,normal
train,11512,11512.png,229,642,3,0.35669781931464173,True,177,0.12039342121372894,1,177,True,OK,small
train,11513,11513.png,230,641,3,0.358814352574103,False,0,0.0,0,0,True,OK,normal
train,11514,11514.png,235,643,3,0.3654743390357698,False,0,0.0,0,0,True,OK,normal
train,11515,11515.png,226,632,3,0.3575949367088608,False,0,0.0,0,0,True,OK,normal
train,11516,11516.png,230,638,3,0.3605015673981191,False,0,0.0,0,0,True,OK,normal
train,11517,11517.png,224,626,3,0.35782747603833864,False,0,0.0,0,0,True,OK,normal
train,11518,11518.png,232,645,3,0.35968992248062015,False,0,0.0,0,0,True,OK,normal
train,11519,11519.png,228,630,3,0.3619047619047619,False,0,0.0,0,0,True,OK,normal
train,11520,11520.png,230,641,3,0.358814352574103,False,0,0.0,0,0,True,OK,normal
train,11521,11521.png,231,639,3,0.3615023474178404,False,0,0.0,0,0,True,OK,normal
train,11522,11522.png,235,642,3,0.3660436137071651,False,0,0.0,0,0,True,OK,normal
train,11523,11523.png,234,647,3,0.3616692426584235,False,0,0.0,0,0,True,OK,normal
train,11524,11524.png,230,629,3,0.3656597774244833,False,0,0.0,0,0,True,OK,normal
train,11525,11525.png,228,647,3,0.35239567233384855,False,0,0.0,0,0,True,OK,normal
train,11526,11526.png,232,640,3,0.3625,False,0,0.0,0,0,True,OK,normal
train,11527,11527.png,228,630,3,0.3619047619047619,False,0,0.0,0,0,True,OK,normal
train,11528,11528.png,231,642,3,0.3598130841121495,False,0,0.0,0,0,True,OK,normal
train,11529,11529.png,226,633,3,0.3570300157977883,False,0,0.0,0,0,True,OK,normal
train,11530,11530.png,228,644,3,0.35403726708074534,False,0,0.0,0,0,True,OK,normal
train,11531,11531.png,220,628,3,0.3503184713375796,False,0,0.0,0,0,True,OK,normal
train,11532,11532.png,206,636,3,0.3238993710691824,False,0,0.0,0,0,True,OK,normal
train,11533,11533.png,221,635,3,0.3480314960629921,False,0,0.0,0,0,True,OK,normal
train,11534,11534.png,227,642,3,0.35358255451713394,False,0,0.0,0,0,True,OK,normal
train,11535,11535.png,221,646,3,0.34210526315789475,False,0,0.0,0,0,True,OK,normal
train,11536,11536.png,226,632,3,0.3575949367088608,False,0,0.0,0,0,True,OK,normal
train,11537,11537.png,227,629,3,0.36089030206677264,False,0,0.0,0,0,True,OK,normal
train,11538,11538.png,233,634,3,0.3675078864353312,False,0,0.0,0,0,True,OK,normal
train,11539,11539.png,230,630,3,0.36507936507936506,False,0,0.0,0,0,True,OK,normal
train,11540,11540.png,233,646,3,0.3606811145510836,False,0,0.0,0,0,True,OK,normal
train,11541,11541.png,231,619,3,0.37318255250403876,False,0,0.0,0,0,True,OK,normal
train,11542,11542.png,232,638,3,0.36363636363636365,False,0,0.0,0,0,True,OK,normal
train,11543,11543.png,230,630,3,0.36507936507936506,True,3201,2.209109730848861,1,3201,True,OK,medium
train,11544,11544.png,237,635,3,0.3732283464566929,False,0,0.0,0,0,True,OK,normal
train,11545,11545.png,236,646,3,0.3653250773993808,False,0,0.0,0,0,True,OK,normal
train,11546,11546.png,229,643,3,0.3561430793157076,False,0,0.0,0,0,True,OK,normal
train,11547,11547.png,236,634,3,0.3722397476340694,False,0,0.0,0,0,True,OK,normal
train,11548,11548.png,235,641,3,0.3666146645865835,False,0,0.0,0,0,True,OK,normal
train,11549,11549.png,216,634,3,0.34069400630914826,True,2912,2.126416637457647,3,1597,True,OK,medium
train,11550,11550.png,231,638,3,0.3620689655172414,False,0,0.0,0,0,True,OK,normal
train,11551,11551.png,230,626,3,0.36741214057507987,False,0,0.0,0,0,True,OK,normal
train,11552,11552.png,233,644,3,0.36180124223602483,False,0,0.0,0,0,True,OK,normal
train,11553,11553.png,229,630,3,0.3634920634920635,True,607,0.42073889235461287,1,607,True,OK,small
train,11554,11554.png,230,632,3,0.3639240506329114,False,0,0.0,0,0,True,OK,normal
train,11555,11555.png,226,636,3,0.3553459119496855,False,0,0.0,0,0,True,OK,normal
train,11556,11556.png,227,631,3,0.35974643423137875,False,0,0.0,0,0,True,OK,normal
train,11557,11557.png,225,632,3,0.3560126582278481,False,0,0.0,0,0,True,OK,normal
train,11558,11558.png,230,632,3,0.3639240506329114,False,0,0.0,0,0,True,OK,normal
train,11559,11559.png,235,644,3,0.36490683229813664,False,0,0.0,0,0,True,OK,normal
train,11560,11560.png,232,646,3,0.3591331269349845,False,0,0.0,0,0,True,OK,normal
train,11561,11561.png,229,635,3,0.3606299212598425,False,0,0.0,0,0,True,OK,normal
train,11562,11562.png,235,641,3,0.3666146645865835,False,0,0.0,0,0,True,OK,normal
train,11563,11563.png,231,636,3,0.3632075471698113,False,0,0.0,0,0,True,OK,normal
train,11564,11564.png,229,639,3,0.35837245696400627,False,0,0.0,0,0,True,OK,normal
train,11565,11565.png,234,642,3,0.3644859813084112,False,0,0.0,0,0,True,OK,normal
train,11566,11566.png,230,648,3,0.3549382716049383,False,0,0.0,0,0,True,OK,normal
train,11567,11567.png,229,636,3,0.360062893081761,False,0,0.0,0,0,True,OK,normal
train,11568,11568.png,230,640,3,0.359375,True,988,0.671195652173913,1,988,True,OK,small
train,11569,11569.png,231,642,3,0.3598130841121495,False,0,0.0,0,0,True,OK,normal
train,11570,11570.png,229,634,3,0.361198738170347,False,0,0.0,0,0,True,OK,normal
train,11571,11571.png,228,645,3,0.35348837209302325,False,0,0.0,0,0,True,OK,normal
train,11572,11572.png,228,637,3,0.3579277864992151,False,0,0.0,0,0,True,OK,normal
train,11573,11573.png,233,642,3,0.3629283489096573,True,3702,2.4748305322690625,1,3702,True,OK,large
train,11574,11574.png,231,640,3,0.3609375,True,5103,3.4517045454545454,1,5103,True,OK,large
train,11575,11575.png,226,631,3,0.358161648177496,False,0,0.0,0,0,True,OK,normal
train,11576,11576.png,231,634,3,0.3643533123028391,False,0,0.0,0,0,True,OK,normal
train,11577,11577.png,224,632,3,0.35443037974683544,False,0,0.0,0,0,True,OK,normal
train,11578,11578.png,231,637,3,0.3626373626373626,False,0,0.0,0,0,True,OK,normal
train,11579,11579.png,229,636,3,0.360062893081761,False,0,0.0,0,0,True,OK,normal
train,11580,11580.png,229,639,3,0.35837245696400627,False,0,0.0,0,0,True,OK,normal
train,11581,11581.png,230,637,3,0.36106750392464676,False,0,0.0,0,0,True,OK,normal
train,11582,11582.png,232,633,3,0.3665086887835703,False,0,0.0,0,0,True,OK,normal
train,11583,11583.png,230,652,3,0.35276073619631904,False,0,0.0,0,0,True,OK,normal
train,11584,11584.png,228,639,3,0.3568075117370892,True,6511,4.469016830024984,1,6511,True,OK,large
train,11585,11585.png,224,631,3,0.3549920760697306,True,3683,2.605699569843785,1,3683,True,OK,large
train,11586,11586.png,229,639,3,0.35837245696400627,False,0,0.0,0,0,True,OK,normal
train,11587,11587.png,227,636,3,0.35691823899371067,False,0,0.0,0,0,True,OK,normal
train,11588,11588.png,221,634,3,0.34858044164037855,False,0,0.0,0,0,True,OK,normal
train,11589,11589.png,231,635,3,0.3637795275590551,False,0,0.0,0,0,True,OK,normal
train,11590,11590.png,227,643,3,0.35303265940902023,True,5760,3.946259617295031,1,5760,True,OK,large
train,11591,11591.png,227,628,3,0.3614649681528662,False,0,0.0,0,0,True,OK,normal
train,11592,11592.png,229,645,3,0.3550387596899225,False,0,0.0,0,0,True,OK,normal
train,11593,11593.png,234,637,3,0.3673469387755102,False,0,0.0,0,0,True,OK,normal
train,11594,11594.png,213,660,3,0.32272727272727275,False,0,0.0,0,0,True,OK,normal
train,11595,11595.png,229,637,3,0.35949764521193095,False,0,0.0,0,0,True,OK,normal
train,11596,11596.png,224,633,3,0.353870458135861,False,0,0.0,0,0,True,OK,normal
train,11597,11597.png,233,641,3,0.36349453978159124,False,0,0.0,0,0,True,OK,normal
train,11598,11598.png,230,633,3,0.36334913112164297,False,0,0.0,0,0,True,OK,normal
train,11599,11599.png,229,630,3,0.3634920634920635,False,0,0.0,0,0,True,OK,normal
train,11600,11600.png,232,642,3,0.3613707165109034,False,0,0.0,0,0,True,OK,normal
train,11601,11601.png,233,643,3,0.36236391912908245,True,3378,2.254720696306877,1,3378,True,OK,medium
train,11602,11602.png,228,634,3,0.35962145110410093,False,0,0.0,0,0,True,OK,normal
train,11603,11603.png,232,632,3,0.3670886075949367,False,0,0.0,0,0,True,OK,normal
train,11604,11604.png,229,632,3,0.3623417721518987,False,0,0.0,0,0,True,OK,normal
train,11605,11605.png,230,635,3,0.36220472440944884,False,0,0.0,0,0,True,OK,normal
train,11606,11606.png,229,641,3,0.35725429017160687,False,0,0.0,0,0,True,OK,normal
train,11607,11607.png,228,641,3,0.35569422776911075,False,0,0.0,0,0,True,OK,normal
train,11608,11608.png,228,647,3,0.35239567233384855,False,0,0.0,0,0,True,OK,normal
train,11609,11609.png,222,625,3,0.3552,False,0,0.0,0,0,True,OK,normal
train,11610,11610.png,233,644,3,0.36180124223602483,False,0,0.0,0,0,True,OK,normal
train,11611,11611.png,230,634,3,0.3627760252365931,False,0,0.0,0,0,True,OK,normal
train,11612,11612.png,229,640,3,0.3578125,True,9232,6.2991266375545845,1,9232,True,OK,large
train,11613,11613.png,231,631,3,0.36608557844690964,False,0,0.0,0,0,True,OK,normal
train,11614,11614.png,228,638,3,0.3573667711598746,False,0,0.0,0,0,True,OK,normal
train,11615,11615.png,229,639,3,0.35837245696400627,False,0,0.0,0,0,True,OK,normal
train,11616,11616.png,232,641,3,0.3619344773790952,True,981,0.659664317607187,1,981,True,OK,small
train,11617,11617.png,233,635,3,0.3669291338582677,False,0,0.0,0,0,True,OK,normal
train,11618,11618.png,230,638,3,0.3605015673981191,False,0,0.0,0,0,True,OK,normal
train,11619,11619.png,207,633,3,0.32701421800947866,False,0,0.0,0,0,True,OK,normal
train,11620,11620.png,234,643,3,0.36391912908242613,False,0,0.0,0,0,True,OK,normal
train,11621,11621.png,228,633,3,0.36018957345971564,False,0,0.0,0,0,True,OK,normal
train,11622,11622.png,237,635,3,0.3732283464566929,False,0,0.0,0,0,True,OK,normal
train,11623,11623.png,232,640,3,0.3625,False,0,0.0,0,0,True,OK,normal
train,11624,11624.png,233,630,3,0.36984126984126986,False,0,0.0,0,0,True,OK,normal
train,11625,11625.png,230,636,3,0.36163522012578614,False,0,0.0,0,0,True,OK,normal
train,11626,11626.png,222,635,3,0.34960629921259845,False,0,0.0,0,0,True,OK,normal
train,11627,11627.png,229,645,3,0.3550387596899225,False,0,0.0,0,0,True,OK,normal
train,11628,11628.png,229,637,3,0.35949764521193095,False,0,0.0,0,0,True,OK,normal
train,11629,11629.png,228,638,3,0.3573667711598746,True,12423,8.540257383270088,2,8772,True,OK,large
train,11630,11630.png,229,636,3,0.360062893081761,False,0,0.0,0,0,True,OK,normal
train,11631,11631.png,227,637,3,0.3563579277864992,False,0,0.0,0,0,True,OK,normal
train,11632,11632.png,231,638,3,0.3620689655172414,True,931,0.6317089389189703,1,931,True,OK,small
train,11633,11633.png,226,629,3,0.35930047694753575,False,0,0.0,0,0,True,OK,normal
train,11634,11634.png,228,637,3,0.3579277864992151,False,0,0.0,0,0,True,OK,normal
train,11635,11635.png,227,634,3,0.3580441640378549,False,0,0.0,0,0,True,OK,normal
train,11636,11636.png,229,635,3,0.3606299212598425,False,0,0.0,0,0,True,OK,normal
train,11637,11637.png,230,640,3,0.359375,False,0,0.0,0,0,True,OK,normal
train,11638,11638.png,230,642,3,0.3582554517133956,False,0,0.0,0,0,True,OK,normal
train,11639,11639.png,222,637,3,0.34850863422291994,False,0,0.0,0,0,True,OK,normal
train,11640,11640.png,225,640,3,0.3515625,False,0,0.0,0,0,True,OK,normal
train,11641,11641.png,231,635,3,0.3637795275590551,True,939,0.6401472543204827,2,594,True,OK,small
train,11642,11642.png,233,638,3,0.3652037617554859,True,9764,6.568272633094299,1,9764,True,OK,large
train,11643,11643.png,232,634,3,0.3659305993690852,True,137,0.09314152072228869,1,137,True,OK,small
train,11644,11644.png,227,642,3,0.35358255451713394,False,0,0.0,0,0,True,OK,normal
train,11645,11645.png,232,643,3,0.3608087091757387,False,0,0.0,0,0,True,OK,normal
train,11646,11646.png,226,626,3,0.3610223642172524,False,0,0.0,0,0,True,OK,normal
train,11647,11647.png,224,629,3,0.356120826709062,False,0,0.0,0,0,True,OK,normal
train,11648,11648.png,231,634,3,0.3643533123028391,False,0,0.0,0,0,True,OK,normal
train,11649,11649.png,227,642,3,0.35358255451713394,False,0,0.0,0,0,True,OK,normal
train,11650,11650.png,232,635,3,0.3653543307086614,False,0,0.0,0,0,True,OK,normal
train,11651,11651.png,231,635,3,0.3637795275590551,False,0,0.0,0,0,True,OK,normal
train,11652,11652.png,208,641,3,0.3244929797191888,False,0,0.0,0,0,True,OK,normal
train,11653,11653.png,229,627,3,0.3652312599681021,False,0,0.0,0,0,True,OK,normal
train,11654,11654.png,231,638,3,0.3620689655172414,False,0,0.0,0,0,True,OK,normal
train,11655,11655.png,231,639,3,0.3615023474178404,False,0,0.0,0,0,True,OK,normal
train,11656,11656.png,232,636,3,0.36477987421383645,False,0,0.0,0,0,True,OK,normal
train,11657,11657.png,233,646,3,0.3606811145510836,False,0,0.0,0,0,True,OK,normal
train,11658,11658.png,228,638,3,0.3573667711598746,True,202,0.13886597371170875,1,202,True,OK,small
train,11659,11659.png,232,634,3,0.3659305993690852,False,0,0.0,0,0,True,OK,normal
train,11660,11660.png,228,633,3,0.36018957345971564,False,0,0.0,0,0,True,OK,normal
train,11661,11661.png,232,638,3,0.36363636363636365,False,0,0.0,0,0,True,OK,normal
train,11662,11662.png,230,636,3,0.36163522012578614,True,949,0.6487558107738584,1,949,True,OK,small
train,11663,11663.png,230,634,3,0.3627760252365931,False,0,0.0,0,0,True,OK,normal
train,11664,11664.png,231,639,3,0.3615023474178404,False,0,0.0,0,0,True,OK,normal
train,11665,11665.png,228,636,3,0.3584905660377358,False,0,0.0,0,0,True,OK,normal
train,11666,11666.png,226,635,3,0.35590551181102364,False,0,0.0,0,0,True,OK,normal
train,11667,11667.png,226,622,3,0.3633440514469453,False,0,0.0,0,0,True,OK,normal
train,11668,11668.png,231,633,3,0.36492890995260663,False,0,0.0,0,0,True,OK,normal
train,11669,11669.png,233,647,3,0.3601236476043277,True,2171,1.4401231169279143,1,2171,True,OK,medium
train,11670,11670.png,227,636,3,0.35691823899371067,True,6006,4.160086443354667,1,6006,True,OK,large
train,11671,11671.png,226,634,3,0.35646687697160884,False,0,0.0,0,0,True,OK,normal
train,11672,11672.png,230,637,3,0.36106750392464676,False,0,0.0,0,0,True,OK,normal
train,11673,11673.png,226,634,3,0.35646687697160884,False,0,0.0,0,0,True,OK,normal
train,11674,11674.png,230,636,3,0.36163522012578614,False,0,0.0,0,0,True,OK,normal
train,11675,11675.png,225,639,3,0.352112676056338,False,0,0.0,0,0,True,OK,normal
train,11676,11676.png,233,640,3,0.3640625,False,0,0.0,0,0,True,OK,normal
train,11677,11677.png,233,647,3,0.3601236476043277,False,0,0.0,0,0,True,OK,normal
train,11678,11678.png,232,637,3,0.3642072213500785,False,0,0.0,0,0,True,OK,normal
train,11679,11679.png,232,634,3,0.3659305993690852,False,0,0.0,0,0,True,OK,normal
train,11680,11680.png,234,638,3,0.3667711598746082,False,0,0.0,0,0,True,OK,normal
train,11681,11681.png,231,644,3,0.358695652173913,False,0,0.0,0,0,True,OK,normal
train,11682,11682.png,234,636,3,0.36792452830188677,False,0,0.0,0,0,True,OK,normal
train,11683,11683.png,224,638,3,0.3510971786833856,False,0,0.0,0,0,True,OK,normal
train,11684,11684.png,236,638,3,0.36990595611285265,False,0,0.0,0,0,True,OK,normal
train,11685,11685.png,230,631,3,0.36450079239302696,False,0,0.0,0,0,True,OK,normal
train,11686,11686.png,231,642,3,0.3598130841121495,False,0,0.0,0,0,True,OK,normal
train,11687,11687.png,231,650,3,0.3553846153846154,False,0,0.0,0,0,True,OK,normal
train,11688,11688.png,232,647,3,0.35857805255023184,False,0,0.0,0,0,True,OK,normal
train,11689,11689.png,229,642,3,0.35669781931464173,False,0,0.0,0,0,True,OK,normal
train,11690,11690.png,232,634,3,0.3659305993690852,False,0,0.0,0,0,True,OK,normal
train,11691,11691.png,231,643,3,0.359253499222395,False,0,0.0,0,0,True,OK,normal
train,11692,11692.png,232,637,3,0.3642072213500785,False,0,0.0,0,0,True,OK,normal
train,11693,11693.png,229,634,3,0.361198738170347,False,0,0.0,0,0,True,OK,normal
train,11694,11694.png,226,630,3,0.35873015873015873,False,0,0.0,0,0,True,OK,normal
train,11695,11695.png,202,640,3,0.315625,True,504,0.38985148514851486,1,504,True,OK,small
train,11696,11696.png,227,626,3,0.36261980830670926,False,0,0.0,0,0,True,OK,normal
train,11697,11697.png,236,646,3,0.3653250773993808,False,0,0.0,0,0,True,OK,normal
train,11698,11698.png,229,648,3,0.3533950617283951,False,0,0.0,0,0,True,OK,normal
train,11699,11699.png,228,649,3,0.35130970724191063,False,0,0.0,0,0,True,OK,normal
train,11700,11700.png,227,635,3,0.35748031496062993,False,0,0.0,0,0,True,OK,normal
train,11701,11701.png,224,644,3,0.34782608695652173,False,0,0.0,0,0,True,OK,normal
train,11702,11702.png,228,634,3,0.35962145110410093,False,0,0.0,0,0,True,OK,normal
train,11703,11703.png,229,638,3,0.35893416927899685,False,0,0.0,0,0,True,OK,normal
train,11704,11704.png,232,642,3,0.3613707165109034,False,0,0.0,0,0,True,OK,normal
train,11705,11705.png,234,636,3,0.36792452830188677,False,0,0.0,0,0,True,OK,normal
train,11706,11706.png,229,635,3,0.3606299212598425,False,0,0.0,0,0,True,OK,normal
train,11707,11707.png,228,634,3,0.35962145110410093,False,0,0.0,0,0,True,OK,normal
train,11708,11708.png,233,640,3,0.3640625,False,0,0.0,0,0,True,OK,normal
train,11709,11709.png,210,631,3,0.3328050713153724,False,0,0.0,0,0,True,OK,normal
train,11710,11710.png,210,634,3,0.3312302839116719,False,0,0.0,0,0,True,OK,normal
train,11711,11711.png,235,644,3,0.36490683229813664,True,1085,0.7169287696577243,1,1085,True,OK,small
train,11712,11712.png,227,639,3,0.35524256651017216,False,0,0.0,0,0,True,OK,normal
train,11713,11713.png,229,637,3,0.35949764521193095,True,2191,1.501991458323336,1,2191,True,OK,medium
train,11714,11714.png,240,644,3,0.37267080745341613,False,0,0.0,0,0,True,OK,normal
train,11715,11715.png,229,628,3,0.3646496815286624,False,0,0.0,0,0,True,OK,normal
train,11716,11716.png,231,644,3,0.358695652173913,False,0,0.0,0,0,True,OK,normal
train,11717,11717.png,202,635,3,0.31811023622047246,False,0,0.0,0,0,True,OK,normal
train,11718,11718.png,225,632,3,0.3560126582278481,False,0,0.0,0,0,True,OK,normal
train,11719,11719.png,233,642,3,0.3629283489096573,False,0,0.0,0,0,True,OK,normal
train,11720,11720.png,216,633,3,0.3412322274881517,False,0,0.0,0,0,True,OK,normal
train,11721,11721.png,228,638,3,0.3573667711598746,False,0,0.0,0,0,True,OK,normal
train,11722,11722.png,229,642,3,0.35669781931464173,False,0,0.0,0,0,True,OK,normal
train,11723,11723.png,234,640,3,0.365625,False,0,0.0,0,0,True,OK,normal
train,11724,11724.png,233,633,3,0.36808846761453395,False,0,0.0,0,0,True,OK,normal
train,11725,11725.png,228,637,3,0.3579277864992151,False,0,0.0,0,0,True,OK,normal
train,11726,11726.png,230,643,3,0.35769828926905134,False,0,0.0,0,0,True,OK,normal
train,11727,11727.png,231,637,3,0.3626373626373626,False,0,0.0,0,0,True,OK,normal
train,11728,11728.png,233,637,3,0.36577708006279436,False,0,0.0,0,0,True,OK,normal
train,11729,11729.png,229,635,3,0.3606299212598425,False,0,0.0,0,0,True,OK,normal
train,11730,11730.png,227,632,3,0.35917721518987344,False,0,0.0,0,0,True,OK,normal
train,11731,11731.png,226,641,3,0.35257410296411856,False,0,0.0,0,0,True,OK,normal
train,11732,11732.png,232,643,3,0.3608087091757387,False,0,0.0,0,0,True,OK,normal
train,11733,11733.png,232,643,3,0.3608087091757387,False,0,0.0,0,0,True,OK,normal
train,11734,11734.png,224,632,3,0.35443037974683544,False,0,0.0,0,0,True,OK,normal
train,11735,11735.png,224,630,3,0.35555555555555557,False,0,0.0,0,0,True,OK,normal
train,11736,11736.png,230,640,3,0.359375,False,0,0.0,0,0,True,OK,normal
train,11737,11737.png,208,649,3,0.3204930662557781,False,0,0.0,0,0,True,OK,normal
train,11738,11738.png,223,633,3,0.3522906793048973,False,0,0.0,0,0,True,OK,normal
train,11739,11739.png,214,639,3,0.3348982785602504,True,864,0.6318283532973542,1,864,True,OK,small
train,11740,11740.png,226,614,3,0.36807817589576547,False,0,0.0,0,0,True,OK,normal
train,11741,11741.png,231,629,3,0.3672496025437202,False,0,0.0,0,0,True,OK,normal
train,11742,11742.png,233,638,3,0.3652037617554859,False,0,0.0,0,0,True,OK,normal
train,11743,11743.png,220,643,3,0.3421461897356143,False,0,0.0,0,0,True,OK,normal
train,11744,11744.png,227,628,3,0.3614649681528662,False,0,0.0,0,0,True,OK,normal
train,11745,11745.png,232,634,3,0.3659305993690852,False,0,0.0,0,0,True,OK,normal
train,11746,11746.png,228,638,3,0.3573667711598746,True,5800,3.9872408293460926,2,4251,True,OK,large
train,11747,11747.png,230,640,3,0.359375,False,0,0.0,0,0,True,OK,normal
train,11748,11748.png,225,622,3,0.3617363344051447,False,0,0.0,0,0,True,OK,normal
train,11749,11749.png,231,637,3,0.3626373626373626,False,0,0.0,0,0,True,OK,normal
train,11750,11750.png,228,639,3,0.3568075117370892,True,3436,2.358399912143426,1,3436,True,OK,medium
train,11751,11751.png,226,634,3,0.35646687697160884,False,0,0.0,0,0,True,OK,normal
train,11752,11752.png,222,632,3,0.3512658227848101,False,0,0.0,0,0,True,OK,normal
train,11753,11753.png,218,647,3,0.3369397217928903,False,0,0.0,0,0,True,OK,normal
train,11754,11754.png,229,640,3,0.3578125,False,0,0.0,0,0,True,OK,normal
train,11755,11755.png,233,638,3,0.3652037617554859,True,1556,1.046725954229284,1,1556,True,OK,medium
train,11756,11756.png,232,643,3,0.3608087091757387,False,0,0.0,0,0,True,OK,normal
train,11757,11757.png,229,639,3,0.35837245696400627,False,0,0.0,0,0,True,OK,normal
train,11758,11758.png,234,635,3,0.36850393700787404,False,0,0.0,0,0,True,OK,normal
train,11759,11759.png,233,628,3,0.37101910828025475,False,0,0.0,0,0,True,OK,normal
train,11760,11760.png,233,635,3,0.3669291338582677,False,0,0.0,0,0,True,OK,normal
train,11761,11761.png,225,630,3,0.35714285714285715,False,0,0.0,0,0,True,OK,normal
train,11762,11762.png,232,632,3,0.3670886075949367,False,0,0.0,0,0,True,OK,normal
train,11763,11763.png,231,635,3,0.3637795275590551,False,0,0.0,0,0,True,OK,normal
train,11764,11764.png,233,640,3,0.3640625,False,0,0.0,0,0,True,OK,normal
train,11765,11765.png,231,636,3,0.3632075471698113,False,0,0.0,0,0,True,OK,normal
train,11766,11766.png,232,635,3,0.3653543307086614,False,0,0.0,0,0,True,OK,normal
train,11767,11767.png,225,632,3,0.3560126582278481,False,0,0.0,0,0,True,OK,normal
train,11768,11768.png,231,632,3,0.36550632911392406,False,0,0.0,0,0,True,OK,normal
train,11769,11769.png,235,633,3,0.3712480252764613,False,0,0.0,0,0,True,OK,normal
train,11770,11770.png,224,632,3,0.35443037974683544,True,8743,6.1758306962025316,1,8743,True,OK,large
train,11771,11771.png,230,640,3,0.359375,False,0,0.0,0,0,True,OK,normal
train,11772,11772.png,229,641,3,0.35725429017160687,False,0,0.0,0,0,True,OK,normal
train,11773,11773.png,229,636,3,0.360062893081761,False,0,0.0,0,0,True,OK,normal
train,11774,11774.png,232,639,3,0.36306729264475746,False,0,0.0,0,0,True,OK,normal
train,11775,11775.png,229,633,3,0.3617693522906793,True,2558,1.7646612443690197,1,2558,True,OK,medium
train,11776,11776.png,229,643,3,0.3561430793157076,False,0,0.0,0,0,True,OK,normal
train,11777,11777.png,228,633,3,0.36018957345971564,False,0,0.0,0,0,True,OK,normal
train,11778,11778.png,228,629,3,0.3624801271860095,False,0,0.0,0,0,True,OK,normal
train,11779,11779.png,230,639,3,0.3599374021909233,False,0,0.0,0,0,True,OK,normal
train,11780,11780.png,228,637,3,0.3579277864992151,False,0,0.0,0,0,True,OK,normal
train,11781,11781.png,227,625,3,0.3632,False,0,0.0,0,0,True,OK,normal
train,11782,11782.png,228,627,3,0.36363636363636365,False,0,0.0,0,0,True,OK,normal
train,11783,11783.png,233,644,3,0.36180124223602483,False,0,0.0,0,0,True,OK,normal
train,11784,11784.png,230,639,3,0.3599374021909233,False,0,0.0,0,0,True,OK,normal
train,11785,11785.png,232,629,3,0.3688394276629571,False,0,0.0,0,0,True,OK,normal
train,11786,11786.png,229,640,3,0.3578125,False,0,0.0,0,0,True,OK,normal
train,11787,11787.png,230,653,3,0.35222052067381315,False,0,0.0,0,0,True,OK,normal
train,11788,11788.png,229,646,3,0.3544891640866873,False,0,0.0,0,0,True,OK,normal
train,11789,11789.png,229,633,3,0.3617693522906793,False,0,0.0,0,0,True,OK,normal
train,11790,11790.png,229,638,3,0.35893416927899685,False,0,0.0,0,0,True,OK,normal
train,11791,11791.png,228,635,3,0.3590551181102362,False,0,0.0,0,0,True,OK,normal
train,11792,11792.png,227,642,3,0.35358255451713394,False,0,0.0,0,0,True,OK,normal
train,11793,11793.png,228,636,3,0.3584905660377358,False,0,0.0,0,0,True,OK,normal
train,11794,11794.png,230,637,3,0.36106750392464676,False,0,0.0,0,0,True,OK,normal
train,11795,11795.png,231,637,3,0.3626373626373626,False,0,0.0,0,0,True,OK,normal
train,11796,11796.png,230,648,3,0.3549382716049383,False,0,0.0,0,0,True,OK,normal
train,11797,11797.png,229,647,3,0.35394126738794435,False,0,0.0,0,0,True,OK,normal
train,11798,11798.png,228,621,3,0.3671497584541063,False,0,0.0,0,0,True,OK,normal
train,11799,11799.png,231,626,3,0.36900958466453676,False,0,0.0,0,0,True,OK,normal
train,11800,11800.png,216,626,3,0.3450479233226837,True,3439,2.543338066501006,1,3439,True,OK,medium
train,11801,11801.png,228,638,3,0.3573667711598746,False,0,0.0,0,0,True,OK,normal
train,11802,11802.png,230,638,3,0.3605015673981191,False,0,0.0,0,0,True,OK,normal
train,11803,11803.png,229,638,3,0.35893416927899685,False,0,0.0,0,0,True,OK,normal
train,11804,11804.png,224,638,3,0.3510971786833856,True,3800,2.6589789520824003,1,3800,True,OK,large
train,11805,11805.png,234,641,3,0.36505460218408736,False,0,0.0,0,0,True,OK,normal
train,11806,11806.png,229,633,3,0.3617693522906793,False,0,0.0,0,0,True,OK,normal
train,11807,11807.png,226,631,3,0.358161648177496,False,0,0.0,0,0,True,OK,normal
train,11808,11808.png,196,637,3,0.3076923076923077,True,5032,4.030371960401115,1,5032,True,OK,large
train,11809,11809.png,226,635,3,0.35590551181102364,False,0,0.0,0,0,True,OK,normal
train,11810,11810.png,231,640,3,0.3609375,True,1828,1.2364718614718615,1,1828,True,OK,medium
train,11811,11811.png,227,630,3,0.3603174603174603,False,0,0.0,0,0,True,OK,normal
train,11812,11812.png,229,635,3,0.3606299212598425,False,0,0.0,0,0,True,OK,normal
train,11813,11813.png,231,631,3,0.36608557844690964,False,0,0.0,0,0,True,OK,normal
train,11814,11814.png,229,632,3,0.3623417721518987,False,0,0.0,0,0,True,OK,normal
train,11815,11815.png,230,640,3,0.359375,False,0,0.0,0,0,True,OK,normal
train,11816,11816.png,228,634,3,0.35962145110410093,False,0,0.0,0,0,True,OK,normal
train,11817,11817.png,229,638,3,0.35893416927899685,False,0,0.0,0,0,True,OK,normal
train,11818,11818.png,231,637,3,0.3626373626373626,False,0,0.0,0,0,True,OK,normal
train,11819,11819.png,234,639,3,0.36619718309859156,False,0,0.0,0,0,True,OK,normal
train,11820,11820.png,230,633,3,0.36334913112164297,False,0,0.0,0,0,True,OK,normal
train,11821,11821.png,227,629,3,0.36089030206677264,False,0,0.0,0,0,True,OK,normal
train,11822,11822.png,229,649,3,0.35285053929121724,False,0,0.0,0,0,True,OK,normal
train,11823,11823.png,232,637,3,0.3642072213500785,False,0,0.0,0,0,True,OK,normal
train,11824,11824.png,228,632,3,0.36075949367088606,False,0,0.0,0,0,True,OK,normal
train,11825,11825.png,186,629,3,0.2957074721780604,False,0,0.0,0,0,True,OK,normal
train,11826,11826.png,229,637,3,0.35949764521193095,False,0,0.0,0,0,True,OK,normal
train,11827,11827.png,228,631,3,0.3613312202852615,False,0,0.0,0,0,True,OK,normal
train,11828,11828.png,228,635,3,0.3590551181102362,False,0,0.0,0,0,True,OK,normal
train,11829,11829.png,229,644,3,0.3555900621118012,False,0,0.0,0,0,True,OK,normal
train,11830,11830.png,229,634,3,0.361198738170347,False,0,0.0,0,0,True,OK,normal
train,11831,11831.png,230,638,3,0.3605015673981191,False,0,0.0,0,0,True,OK,normal
train,11832,11832.png,228,636,3,0.3584905660377358,True,3002,2.070230607966457,1,3002,True,OK,medium
train,11833,11833.png,228,630,3,0.3619047619047619,False,0,0.0,0,0,True,OK,normal
train,11834,11834.png,230,636,3,0.36163522012578614,False,0,0.0,0,0,True,OK,normal
train,11835,11835.png,232,641,3,0.3619344773790952,False,0,0.0,0,0,True,OK,normal
train,11836,11836.png,229,637,3,0.35949764521193095,True,1802,1.2353211355082847,1,1802,True,OK,medium
train,11837,11837.png,229,635,3,0.3606299212598425,False,0,0.0,0,0,True,OK,normal
train,11838,11838.png,230,635,3,0.36220472440944884,False,0,0.0,0,0,True,OK,normal
train,11839,11839.png,234,626,3,0.3738019169329074,False,0,0.0,0,0,True,OK,normal
train,11840,11840.png,230,631,3,0.36450079239302696,False,0,0.0,0,0,True,OK,normal
train,11841,11841.png,230,640,3,0.359375,False,0,0.0,0,0,True,OK,normal
train,11842,11842.png,231,640,3,0.3609375,False,0,0.0,0,0,True,OK,normal
train,11843,11843.png,229,634,3,0.361198738170347,False,0,0.0,0,0,True,OK,normal
train,11844,11844.png,230,633,3,0.36334913112164297,False,0,0.0,0,0,True,OK,normal
train,11845,11845.png,228,629,3,0.3624801271860095,False,0,0.0,0,0,True,OK,normal
train,11846,11846.png,229,636,3,0.360062893081761,False,0,0.0,0,0,True,OK,normal
train,11847,11847.png,227,638,3,0.3557993730407524,False,0,0.0,0,0,True,OK,normal
train,11848,11848.png,230,640,3,0.359375,False,0,0.0,0,0,True,OK,normal
train,11849,11849.png,226,628,3,0.35987261146496813,False,0,0.0,0,0,True,OK,normal
train,11850,11850.png,231,636,3,0.3632075471698113,False,0,0.0,0,0,True,OK,normal
train,11851,11851.png,232,644,3,0.36024844720496896,True,2498,1.6719318911972585,1,2498,True,OK,medium
train,11852,11852.png,231,646,3,0.35758513931888547,False,0,0.0,0,0,True,OK,normal
train,11853,11853.png,211,634,3,0.33280757097791797,False,0,0.0,0,0,True,OK,normal
train,11854,11854.png,230,644,3,0.35714285714285715,False,0,0.0,0,0,True,OK,normal
train,11855,11855.png,215,639,3,0.3364632237871675,False,0,0.0,0,0,True,OK,normal
train,11856,11856.png,230,646,3,0.3560371517027864,False,0,0.0,0,0,True,OK,normal
train,11857,11857.png,232,640,3,0.3625,False,0,0.0,0,0,True,OK,normal
train,11858,11858.png,232,627,3,0.3700159489633174,True,1468,1.009184403013804,1,1468,True,OK,medium
train,11859,11859.png,232,643,3,0.3608087091757387,False,0,0.0,0,0,True,OK,normal
train,11860,11860.png,229,633,3,0.3617693522906793,False,0,0.0,0,0,True,OK,normal
train,11861,11861.png,228,633,3,0.36018957345971564,False,0,0.0,0,0,True,OK,normal
train,11862,11862.png,229,633,3,0.3617693522906793,False,0,0.0,0,0,True,OK,normal
train,11863,11863.png,229,637,3,0.35949764521193095,False,0,0.0,0,0,True,OK,normal
train,11864,11864.png,230,638,3,0.3605015673981191,False,0,0.0,0,0,True,OK,normal
train,11865,11865.png,229,636,3,0.360062893081761,False,0,0.0,0,0,True,OK,normal
train,11866,11866.png,233,638,3,0.3652037617554859,False,0,0.0,0,0,True,OK,normal
train,11867,11867.png,230,628,3,0.3662420382165605,True,206,0.1426197729160897,1,206,True,OK,small
train,11868,11868.png,231,634,3,0.3643533123028391,False,0,0.0,0,0,True,OK,normal
train,11869,11869.png,228,644,3,0.35403726708074534,False,0,0.0,0,0,True,OK,normal
train,11870,11870.png,230,642,3,0.3582554517133956,True,3687,2.4969524583502642,1,3687,True,OK,large
train,11871,11871.png,223,635,3,0.35118110236220473,False,0,0.0,0,0,True,OK,normal
train,11872,11872.png,232,639,3,0.36306729264475746,False,0,0.0,0,0,True,OK,normal
train,11873,11873.png,231,641,3,0.36037441497659906,False,0,0.0,0,0,True,OK,normal
train,11874,11874.png,229,629,3,0.3640699523052464,True,24688,17.139564429572136,1,24688,True,OK,large
train,11875,11875.png,233,630,3,0.36984126984126986,False,0,0.0,0,0,True,OK,normal
train,11876,11876.png,231,635,3,0.3637795275590551,False,0,0.0,0,0,True,OK,normal
train,11877,11877.png,228,645,3,0.35348837209302325,False,0,0.0,0,0,True,OK,normal
train,11878,11878.png,230,635,3,0.36220472440944884,False,0,0.0,0,0,True,OK,normal
train,11879,11879.png,232,640,3,0.3625,False,0,0.0,0,0,True,OK,normal
train,11880,11880.png,226,643,3,0.3514774494556765,False,0,0.0,0,0,True,OK,normal
train,11881,11881.png,228,643,3,0.3545878693623639,False,0,0.0,0,0,True,OK,normal
train,11882,11882.png,228,639,3,0.3568075117370892,False,0,0.0,0,0,True,OK,normal
train,11883,11883.png,228,629,3,0.3624801271860095,False,0,0.0,0,0,True,OK,normal
train,11884,11884.png,231,633,3,0.36492890995260663,True,1480,1.0121526709204434,1,1480,True,OK,medium
train,11885,11885.png,233,631,3,0.3692551505546751,False,0,0.0,0,0,True,OK,normal
train,11886,11886.png,228,641,3,0.35569422776911075,False,0,0.0,0,0,True,OK,normal
train,11887,11887.png,229,635,3,0.3606299212598425,False,0,0.0,0,0,True,OK,normal
train,11888,11888.png,227,622,3,0.364951768488746,False,0,0.0,0,0,True,OK,normal
train,11889,11889.png,231,632,3,0.36550632911392406,False,0,0.0,0,0,True,OK,normal
train,11890,11890.png,234,637,3,0.3673469387755102,False,0,0.0,0,0,True,OK,normal
train,11891,11891.png,229,631,3,0.3629160063391442,False,0,0.0,0,0,True,OK,normal
train,11892,11892.png,229,635,3,0.3606299212598425,False,0,0.0,0,0,True,OK,normal
train,11893,11893.png,232,643,3,0.3608087091757387,False,0,0.0,0,0,True,OK,normal
train,11894,11894.png,228,629,3,0.3624801271860095,False,0,0.0,0,0,True,OK,normal
train,11895,11895.png,233,650,3,0.35846153846153844,False,0,0.0,0,0,True,OK,normal
train,11896,11896.png,228,631,3,0.3613312202852615,False,0,0.0,0,0,True,OK,normal
train,11897,11897.png,229,645,3,0.3550387596899225,False,0,0.0,0,0,True,OK,normal
train,11898,11898.png,233,637,3,0.36577708006279436,False,0,0.0,0,0,True,OK,normal
train,11899,11899.png,227,632,3,0.35917721518987344,True,5368,3.7417052361568057,1,5368,True,OK,large
train,11900,11900.png,212,648,3,0.3271604938271605,False,0,0.0,0,0,True,OK,normal
train,11901,11901.png,229,646,3,0.3544891640866873,False,0,0.0,0,0,True,OK,normal
train,11902,11902.png,217,627,3,0.34609250398724084,False,0,0.0,0,0,True,OK,normal
train,11903,11903.png,226,636,3,0.3553459119496855,False,0,0.0,0,0,True,OK,normal
train,11904,11904.png,232,648,3,0.35802469135802467,False,0,0.0,0,0,True,OK,normal
train,11905,11905.png,228,629,3,0.3624801271860095,True,4521,3.15245586143419,2,4102,True,OK,large
train,11906,11906.png,231,639,3,0.3615023474178404,False,0,0.0,0,0,True,OK,normal
train,11907,11907.png,230,627,3,0.3668261562998405,False,0,0.0,0,0,True,OK,normal
train,11908,11908.png,228,642,3,0.35514018691588783,False,0,0.0,0,0,True,OK,normal
train,11909,11909.png,227,638,3,0.3557993730407524,False,0,0.0,0,0,True,OK,normal
train,11910,11910.png,228,630,3,0.3619047619047619,False,0,0.0,0,0,True,OK,normal
train,11911,11911.png,229,638,3,0.35893416927899685,False,0,0.0,0,0,True,OK,normal
train,11912,11912.png,230,635,3,0.36220472440944884,True,96,0.0657309140705238,1,96,True,OK,small
train,11913,11913.png,230,632,3,0.3639240506329114,False,0,0.0,0,0,True,OK,normal
train,11914,11914.png,233,636,3,0.3663522012578616,False,0,0.0,0,0,True,OK,normal
train,11915,11915.png,230,640,3,0.359375,False,0,0.0,0,0,True,OK,normal
train,11916,11916.png,232,631,3,0.3676703645007924,False,0,0.0,0,0,True,OK,normal
train,11917,11917.png,230,637,3,0.36106750392464676,True,7182,4.902054467271859,2,4840,True,OK,large
train,11918,11918.png,230,640,3,0.359375,False,0,0.0,0,0,True,OK,normal
train,11919,11919.png,230,636,3,0.36163522012578614,False,0,0.0,0,0,True,OK,normal
train,11920,11920.png,231,637,3,0.3626373626373626,True,525,0.35678607107178534,1,525,True,OK,small
train,11921,11921.png,231,633,3,0.36492890995260663,False,0,0.0,0,0,True,OK,normal
train,11922,11922.png,226,634,3,0.35646687697160884,False,0,0.0,0,0,True,OK,normal
train,11923,11923.png,229,639,3,0.35837245696400627,True,6600,4.510322488057896,1,6600,True,OK,large
train,11924,11924.png,229,645,3,0.3550387596899225,True,1494,1.0114755763176602,1,1494,True,OK,medium
train,11925,11925.png,228,635,3,0.3590551181102362,False,0,0.0,0,0,True,OK,normal
train,11926,11926.png,229,634,3,0.361198738170347,False,0,0.0,0,0,True,OK,normal
train,11927,11927.png,229,638,3,0.35893416927899685,True,607,0.4154631695664672,1,607,True,OK,small
train,11928,11928.png,230,634,3,0.3627760252365931,False,0,0.0,0,0,True,OK,normal
train,11929,11929.png,230,640,3,0.359375,False,0,0.0,0,0,True,OK,normal
train,11930,11930.png,232,633,3,0.3665086887835703,False,0,0.0,0,0,True,OK,normal
train,11931,11931.png,228,638,3,0.3573667711598746,False,0,0.0,0,0,True,OK,normal
train,11932,11932.png,225,647,3,0.34775888717156106,False,0,0.0,0,0,True,OK,normal
train,11933,11933.png,231,636,3,0.3632075471698113,False,0,0.0,0,0,True,OK,normal
train,11934,11934.png,227,631,3,0.35974643423137875,False,0,0.0,0,0,True,OK,normal
train,11935,11935.png,229,630,3,0.3634920634920635,False,0,0.0,0,0,True,OK,normal
train,11936,11936.png,226,633,3,0.3570300157977883,False,0,0.0,0,0,True,OK,normal
train,11937,11937.png,229,643,3,0.3561430793157076,False,0,0.0,0,0,True,OK,normal
train,11938,11938.png,231,637,3,0.3626373626373626,False,0,0.0,0,0,True,OK,normal
train,11939,11939.png,225,630,3,0.35714285714285715,False,0,0.0,0,0,True,OK,normal
train,11940,11940.png,228,636,3,0.3584905660377358,False,0,0.0,0,0,True,OK,normal
train,11941,11941.png,230,636,3,0.36163522012578614,False,0,0.0,0,0,True,OK,normal
train,11942,11942.png,232,638,3,0.36363636363636365,False,0,0.0,0,0,True,OK,normal
train,11943,11943.png,233,637,3,0.36577708006279436,False,0,0.0,0,0,True,OK,normal
train,11944,11944.png,228,639,3,0.3568075117370892,False,0,0.0,0,0,True,OK,normal
train,11945,11945.png,229,632,3,0.3623417721518987,False,0,0.0,0,0,True,OK,normal
train,11946,11946.png,230,643,3,0.35769828926905134,False,0,0.0,0,0,True,OK,normal
train,11947,11947.png,231,632,3,0.36550632911392406,False,0,0.0,0,0,True,OK,normal
train,11948,11948.png,227,626,3,0.36261980830670926,False,0,0.0,0,0,True,OK,normal
train,11949,11949.png,230,639,3,0.3599374021909233,False,0,0.0,0,0,True,OK,normal
train,11950,11950.png,231,637,3,0.3626373626373626,False,0,0.0,0,0,True,OK,normal
train,11951,11951.png,228,627,3,0.36363636363636365,False,0,0.0,0,0,True,OK,normal
train,11952,11952.png,232,637,3,0.3642072213500785,False,0,0.0,0,0,True,OK,normal
train,11953,11953.png,229,639,3,0.35837245696400627,False,0,0.0,0,0,True,OK,normal
train,11954,11954.png,231,633,3,0.36492890995260663,False,0,0.0,0,0,True,OK,normal
train,11955,11955.png,206,642,3,0.32087227414330216,False,0,0.0,0,0,True,OK,normal
train,11956,11956.png,231,641,3,0.36037441497659906,True,2056,1.388523073390468,2,1866,True,OK,medium
train,11957,11957.png,226,641,3,0.35257410296411856,True,1234,0.8518216834868084,1,1234,True,OK,small
train,11958,11958.png,215,635,3,0.33858267716535434,False,0,0.0,0,0,True,OK,normal
train,11959,11959.png,226,628,3,0.35987261146496813,False,0,0.0,0,0,True,OK,normal
train,11960,11960.png,230,640,3,0.359375,False,0,0.0,0,0,True,OK,normal
train,11961,11961.png,227,634,3,0.3580441640378549,False,0,0.0,0,0,True,OK,normal
train,11962,11962.png,231,640,3,0.3609375,True,1499,1.0139339826839826,1,1499,True,OK,medium
train,11963,11963.png,226,632,3,0.3575949367088608,False,0,0.0,0,0,True,OK,normal
train,11964,11964.png,229,632,3,0.3623417721518987,False,0,0.0,0,0,True,OK,normal
train,11965,11965.png,209,642,3,0.32554517133956384,False,0,0.0,0,0,True,OK,normal
train,11966,11966.png,210,621,3,0.33816425120772947,False,0,0.0,0,0,True,OK,normal
train,11967,11967.png,228,636,3,0.3584905660377358,False,0,0.0,0,0,True,OK,normal
train,11968,11968.png,231,634,3,0.3643533123028391,False,0,0.0,0,0,True,OK,normal
train,11969,11969.png,227,621,3,0.36553945249597425,True,692,0.4908950321706499,1,692,True,OK,small
train,11970,11970.png,225,634,3,0.3548895899053628,False,0,0.0,0,0,True,OK,normal
train,11971,11971.png,229,636,3,0.360062893081761,False,0,0.0,0,0,True,OK,normal
train,11972,11972.png,233,638,3,0.3652037617554859,False,0,0.0,0,0,True,OK,normal
train,11973,11973.png,228,649,3,0.35130970724191063,False,0,0.0,0,0,True,OK,normal
train,11974,11974.png,230,633,3,0.36334913112164297,False,0,0.0,0,0,True,OK,normal
train,11975,11975.png,234,634,3,0.36908517350157727,False,0,0.0,0,0,True,OK,normal
train,11976,11976.png,231,632,3,0.36550632911392406,False,0,0.0,0,0,True,OK,normal
train,11977,11977.png,230,635,3,0.36220472440944884,False,0,0.0,0,0,True,OK,normal
train,11978,11978.png,230,643,3,0.35769828926905134,False,0,0.0,0,0,True,OK,normal
train,11979,11979.png,230,630,3,0.36507936507936506,False,0,0.0,0,0,True,OK,normal
train,11980,11980.png,231,641,3,0.36037441497659906,True,2249,1.5188659494431724,1,2249,True,OK,medium
train,11981,11981.png,229,633,3,0.3617693522906793,False,0,0.0,0,0,True,OK,normal
train,11982,11982.png,230,641,3,0.358814352574103,False,0,0.0,0,0,True,OK,normal
train,11983,11983.png,228,639,3,0.3568075117370892,False,0,0.0,0,0,True,OK,normal
train,11984,11984.png,231,635,3,0.3637795275590551,False,0,0.0,0,0,True,OK,normal
train,11985,11985.png,229,645,3,0.3550387596899225,False,0,0.0,0,0,True,OK,normal
train,11986,11986.png,230,636,3,0.36163522012578614,True,693,0.47374897456931914,1,693,True,OK,small
train,11987,11987.png,215,648,3,0.3317901234567901,False,0,0.0,0,0,True,OK,normal
train,11988,11988.png,231,645,3,0.3581395348837209,False,0,0.0,0,0,True,OK,normal
train,11989,11989.png,231,640,3,0.3609375,False,0,0.0,0,0,True,OK,normal
train,11990,11990.png,232,636,3,0.36477987421383645,False,0,0.0,0,0,True,OK,normal
train,11991,11991.png,232,641,3,0.3619344773790952,False,0,0.0,0,0,True,OK,normal
train,11992,11992.png,212,643,3,0.3297045101088647,False,0,0.0,0,0,True,OK,normal
train,11993,11993.png,226,634,3,0.35646687697160884,False,0,0.0,0,0,True,OK,normal
train,11994,11994.png,229,644,3,0.3555900621118012,False,0,0.0,0,0,True,OK,normal
train,11995,11995.png,231,635,3,0.3637795275590551,False,0,0.0,0,0,True,OK,normal
train,11996,11996.png,229,628,3,0.3646496815286624,False,0,0.0,0,0,True,OK,normal
train,11997,11997.png,224,638,3,0.3510971786833856,False,0,0.0,0,0,True,OK,normal
train,11998,11998.png,229,634,3,0.361198738170347,False,0,0.0,0,0,True,OK,normal
train,11999,11999.png,231,637,3,0.3626373626373626,False,0,0.0,0,0,True,OK,normal
train,12000,12000.png,234,651,3,0.35944700460829493,False,0,0.0,0,0,True,OK,normal
train,12001,12001.png,228,646,3,0.35294117647058826,False,0,0.0,0,0,True,OK,normal
train,12002,12002.png,228,641,3,0.35569422776911075,False,0,0.0,0,0,True,OK,normal
train,12003,12003.png,230,631,3,0.36450079239302696,False,0,0.0,0,0,True,OK,normal
train,12004,12004.png,216,641,3,0.3369734789391576,False,0,0.0,0,0,True,OK,normal
train,12005,12005.png,229,635,3,0.3606299212598425,False,0,0.0,0,0,True,OK,normal
train,12006,12006.png,228,631,3,0.3613312202852615,False,0,0.0,0,0,True,OK,normal
train,12007,12007.png,227,631,3,0.35974643423137875,False,0,0.0,0,0,True,OK,normal
train,12008,12008.png,234,641,3,0.36505460218408736,True,7819,5.212875181673934,1,7819,True,OK,large
train,12009,12009.png,220,617,3,0.3565640194489465,False,0,0.0,0,0,True,OK,normal
train,12010,12010.png,233,634,3,0.3675078864353312,False,0,0.0,0,0,True,OK,normal
train,12011,12011.png,234,641,3,0.36505460218408736,False,0,0.0,0,0,True,OK,normal
train,12012,12012.png,229,645,3,0.3550387596899225,False,0,0.0,0,0,True,OK,normal
train,12013,12013.png,232,640,3,0.3625,False,0,0.0,0,0,True,OK,normal
train,12014,12014.png,231,636,3,0.3632075471698113,False,0,0.0,0,0,True,OK,normal
train,12015,12015.png,232,630,3,0.3682539682539683,False,0,0.0,0,0,True,OK,normal
train,12016,12016.png,233,642,3,0.3629283489096573,False,0,0.0,0,0,True,OK,normal
train,12017,12017.png,231,647,3,0.357032457496136,False,0,0.0,0,0,True,OK,normal
train,12018,12018.png,229,632,3,0.3623417721518987,False,0,0.0,0,0,True,OK,normal
train,12019,12019.png,229,649,3,0.35285053929121724,False,0,0.0,0,0,True,OK,normal
train,12020,12020.png,228,635,3,0.3590551181102362,False,0,0.0,0,0,True,OK,normal
train,12021,12021.png,230,634,3,0.3627760252365931,False,0,0.0,0,0,True,OK,normal
train,12022,12022.png,232,638,3,0.36363636363636365,False,0,0.0,0,0,True,OK,normal
train,12023,12023.png,230,631,3,0.36450079239302696,False,0,0.0,0,0,True,OK,normal
train,12024,12024.png,225,638,3,0.35266457680250785,False,0,0.0,0,0,True,OK,normal
train,12025,12025.png,205,641,3,0.31981279251170047,False,0,0.0,0,0,True,OK,normal
train,12026,12026.png,233,635,3,0.3669291338582677,True,3550,2.3993781893143185,1,3550,True,OK,medium
train,12027,12027.png,223,637,3,0.3500784929356358,False,0,0.0,0,0,True,OK,normal
train,12028,12028.png,229,634,3,0.361198738170347,True,562,0.3870896642927004,1,562,True,OK,small
train,12029,12029.png,228,635,3,0.3590551181102362,False,0,0.0,0,0,True,OK,normal
train,12030,12030.png,234,636,3,0.36792452830188677,False,0,0.0,0,0,True,OK,normal
train,12031,12031.png,228,634,3,0.35962145110410093,False,0,0.0,0,0,True,OK,normal
train,12032,12032.png,230,635,3,0.36220472440944884,False,0,0.0,0,0,True,OK,normal
train,12033,12033.png,230,641,3,0.358814352574103,False,0,0.0,0,0,True,OK,normal
train,12034,12034.png,232,638,3,0.36363636363636365,False,0,0.0,0,0,True,OK,normal
train,12035,12035.png,234,631,3,0.37083993660855785,False,0,0.0,0,0,True,OK,normal
train,12036,12036.png,229,639,3,0.35837245696400627,False,0,0.0,0,0,True,OK,normal
train,12037,12037.png,229,635,3,0.3606299212598425,False,0,0.0,0,0,True,OK,normal
train,12038,12038.png,232,639,3,0.36306729264475746,False,0,0.0,0,0,True,OK,normal
train,12039,12039.png,230,647,3,0.3554868624420402,False,0,0.0,0,0,True,OK,normal
train,12040,12040.png,231,640,3,0.3609375,False,0,0.0,0,0,True,OK,normal
train,12041,12041.png,229,631,3,0.3629160063391442,True,300,0.2076138935217545,1,300,True,OK,small
train,12042,12042.png,228,643,3,0.3545878693623639,False,0,0.0,0,0,True,OK,normal
train,12043,12043.png,227,625,3,0.3632,False,0,0.0,0,0,True,OK,normal
train,12044,12044.png,227,636,3,0.35691823899371067,False,0,0.0,0,0,True,OK,normal
train,12045,12045.png,229,643,3,0.3561430793157076,False,0,0.0,0,0,True,OK,normal
train,12046,12046.png,232,633,3,0.3665086887835703,False,0,0.0,0,0,True,OK,normal
train,12047,12047.png,213,642,3,0.3317757009345794,False,0,0.0,0,0,True,OK,normal
train,12048,12048.png,228,643,3,0.3545878693623639,False,0,0.0,0,0,True,OK,normal
train,12049,12049.png,230,625,3,0.368,False,0,0.0,0,0,True,OK,normal
train,12050,12050.png,230,627,3,0.3668261562998405,True,1495,1.036682615629984,1,1495,True,OK,medium
train,12051,12051.png,231,630,3,0.36666666666666664,False,0,0.0,0,0,True,OK,normal
train,12052,12052.png,230,641,3,0.358814352574103,False,0,0.0,0,0,True,OK,normal
train,12053,12053.png,230,626,3,0.36741214057507987,False,0,0.0,0,0,True,OK,normal
train,12054,12054.png,227,643,3,0.35303265940902023,False,0,0.0,0,0,True,OK,normal
train,12055,12055.png,231,629,3,0.3672496025437202,False,0,0.0,0,0,True,OK,normal
train,12056,12056.png,230,645,3,0.35658914728682173,True,12610,8.500168520390968,1,12610,True,OK,large
train,12057,12057.png,231,644,3,0.358695652173913,False,0,0.0,0,0,True,OK,normal
train,12058,12058.png,228,628,3,0.3630573248407643,False,0,0.0,0,0,True,OK,normal
train,12059,12059.png,230,648,3,0.3549382716049383,False,0,0.0,0,0,True,OK,normal
train,12060,12060.png,229,635,3,0.3606299212598425,False,0,0.0,0,0,True,OK,normal
train,12061,12061.png,230,619,3,0.3715670436187399,False,0,0.0,0,0,True,OK,normal
train,12062,12062.png,229,638,3,0.35893416927899685,False,0,0.0,0,0,True,OK,normal
train,12063,12063.png,230,631,3,0.36450079239302696,False,0,0.0,0,0,True,OK,normal
train,12064,12064.png,229,625,3,0.3664,False,0,0.0,0,0,True,OK,normal
train,12065,12065.png,229,634,3,0.361198738170347,False,0,0.0,0,0,True,OK,normal
train,12066,12066.png,225,628,3,0.35828025477707004,False,0,0.0,0,0,True,OK,normal
train,12067,12067.png,229,619,3,0.36995153473344106,False,0,0.0,0,0,True,OK,normal
train,12068,12068.png,230,629,3,0.3656597774244833,False,0,0.0,0,0,True,OK,normal
train,12069,12069.png,229,645,3,0.3550387596899225,False,0,0.0,0,0,True,OK,normal
train,12070,12070.png,230,640,3,0.359375,True,964,0.654891304347826,1,964,True,OK,small
train,12071,12071.png,231,634,3,0.3643533123028391,True,31722,21.66004342660494,1,31722,True,OK,large
train,12072,12072.png,229,629,3,0.3640699523052464,False,0,0.0,0,0,True,OK,normal
train,12073,12073.png,229,636,3,0.360062893081761,False,0,0.0,0,0,True,OK,normal
train,12074,12074.png,232,643,3,0.3608087091757387,False,0,0.0,0,0,True,OK,normal
train,12075,12075.png,231,631,3,0.36608557844690964,False,0,0.0,0,0,True,OK,normal
train,12076,12076.png,229,646,3,0.3544891640866873,False,0,0.0,0,0,True,OK,normal
train,12077,12077.png,230,635,3,0.36220472440944884,False,0,0.0,0,0,True,OK,normal
train,12078,12078.png,230,641,3,0.358814352574103,False,0,0.0,0,0,True,OK,normal
train,12079,12079.png,229,624,3,0.36698717948717946,False,0,0.0,0,0,True,OK,normal
train,12080,12080.png,230,629,3,0.3656597774244833,True,5484,3.790696066910901,1,5484,True,OK,large
train,12081,12081.png,230,628,3,0.3662420382165605,True,1902,1.316809747992246,1,1902,True,OK,medium
train,12082,12082.png,229,615,3,0.3723577235772358,False,0,0.0,0,0,True,OK,normal
train,12083,12083.png,233,639,3,0.3646322378716745,False,0,0.0,0,0,True,OK,normal
train,12084,12084.png,229,639,3,0.35837245696400627,False,0,0.0,0,0,True,OK,normal
train,12085,12085.png,229,632,3,0.3623417721518987,False,0,0.0,0,0,True,OK,normal
train,12086,12086.png,230,638,3,0.3605015673981191,False,0,0.0,0,0,True,OK,normal
train,12087,12087.png,230,630,3,0.36507936507936506,False,0,0.0,0,0,True,OK,normal
train,12088,12088.png,229,613,3,0.3735725938009788,False,0,0.0,0,0,True,OK,normal
train,12089,12089.png,229,646,3,0.3544891640866873,False,0,0.0,0,0,True,OK,normal
train,12090,12090.png,229,614,3,0.3729641693811075,False,0,0.0,0,0,True,OK,normal
train,12091,12091.png,229,643,3,0.3561430793157076,False,0,0.0,0,0,True,OK,normal
train,12092,12092.png,231,637,3,0.3626373626373626,False,0,0.0,0,0,True,OK,normal
train,12093,12093.png,230,648,3,0.3549382716049383,False,0,0.0,0,0,True,OK,normal
train,12094,12094.png,227,635,3,0.35748031496062993,False,0,0.0,0,0,True,OK,normal
train,12095,12095.png,229,641,3,0.35725429017160687,False,0,0.0,0,0,True,OK,normal
train,12096,12096.png,229,631,3,0.3629160063391442,False,0,0.0,0,0,True,OK,normal
train,12097,12097.png,229,642,3,0.35669781931464173,False,0,0.0,0,0,True,OK,normal
train,12098,12098.png,229,629,3,0.3640699523052464,False,0,0.0,0,0,True,OK,normal
train,12099,12099.png,229,634,3,0.361198738170347,False,0,0.0,0,0,True,OK,normal
train,12100,12100.png,227,630,3,0.3603174603174603,False,0,0.0,0,0,True,OK,normal
train,12101,12101.png,228,635,3,0.3590551181102362,False,0,0.0,0,0,True,OK,normal
train,12102,12102.png,230,634,3,0.3627760252365931,False,0,0.0,0,0,True,OK,normal
train,12103,12103.png,231,649,3,0.3559322033898305,False,0,0.0,0,0,True,OK,normal
train,12104,12104.png,228,610,3,0.3737704918032787,False,0,0.0,0,0,True,OK,normal
train,12105,12105.png,230,613,3,0.37520391517128876,True,1739,1.2334208099865238,1,1739,True,OK,medium
train,12106,12106.png,230,632,3,0.3639240506329114,False,0,0.0,0,0,True,OK,normal
train,12107,12107.png,229,635,3,0.3606299212598425,False,0,0.0,0,0,True,OK,normal
train,12108,12108.png,230,622,3,0.36977491961414793,False,0,0.0,0,0,True,OK,normal
train,12109,12109.png,232,632,3,0.3670886075949367,True,865,0.5899443474465299,1,865,True,OK,small
train,12110,12110.png,230,642,3,0.3582554517133956,False,0,0.0,0,0,True,OK,normal
train,12111,12111.png,230,637,3,0.36106750392464676,False,0,0.0,0,0,True,OK,normal
train,12112,12112.png,231,636,3,0.3632075471698113,False,0,0.0,0,0,True,OK,normal
train,12113,12113.png,219,623,3,0.35152487961476725,False,0,0.0,0,0,True,OK,normal
train,12114,12114.png,230,644,3,0.35714285714285715,False,0,0.0,0,0,True,OK,normal
train,12115,12115.png,229,634,3,0.361198738170347,False,0,0.0,0,0,True,OK,normal
train,12116,12116.png,230,634,3,0.3627760252365931,False,0,0.0,0,0,True,OK,normal
train,12117,12117.png,230,637,3,0.36106750392464676,False,0,0.0,0,0,True,OK,normal
train,12118,12118.png,227,634,3,0.3580441640378549,False,0,0.0,0,0,True,OK,normal
train,12119,12119.png,229,631,3,0.3629160063391442,False,0,0.0,0,0,True,OK,normal
train,12120,12120.png,229,636,3,0.360062893081761,False,0,0.0,0,0,True,OK,normal
train,12121,12121.png,233,637,3,0.36577708006279436,False,0,0.0,0,0,True,OK,normal
train,12122,12122.png,229,643,3,0.3561430793157076,False,0,0.0,0,0,True,OK,normal
train,12123,12123.png,227,603,3,0.37645107794361526,False,0,0.0,0,0,True,OK,normal
train,12124,12124.png,231,629,3,0.3672496025437202,False,0,0.0,0,0,True,OK,normal
train,12125,12125.png,230,619,3,0.3715670436187399,False,0,0.0,0,0,True,OK,normal
train,12126,12126.png,230,640,3,0.359375,False,0,0.0,0,0,True,OK,normal
train,12127,12127.png,230,638,3,0.3605015673981191,False,0,0.0,0,0,True,OK,normal
train,12128,12128.png,233,628,3,0.37101910828025475,False,0,0.0,0,0,True,OK,normal
train,12129,12129.png,218,630,3,0.346031746031746,False,0,0.0,0,0,True,OK,normal
train,12130,12130.png,232,638,3,0.36363636363636365,False,0,0.0,0,0,True,OK,normal
train,12131,12131.png,230,614,3,0.3745928338762215,True,2204,1.5606854553179437,1,2204,True,OK,medium
train,12132,12132.png,228,638,3,0.3573667711598746,False,0,0.0,0,0,True,OK,normal
train,12133,12133.png,231,645,3,0.3581395348837209,False,0,0.0,0,0,True,OK,normal
train,12134,12134.png,227,629,3,0.36089030206677264,False,0,0.0,0,0,True,OK,normal
train,12135,12135.png,230,631,3,0.36450079239302696,False,0,0.0,0,0,True,OK,normal
train,12136,12136.png,233,650,3,0.35846153846153844,False,0,0.0,0,0,True,OK,normal
train,12137,12137.png,231,630,3,0.36666666666666664,False,0,0.0,0,0,True,OK,normal
train,12138,12138.png,230,629,3,0.3656597774244833,False,0,0.0,0,0,True,OK,normal
train,12139,12139.png,231,633,3,0.36492890995260663,False,0,0.0,0,0,True,OK,normal
train,12140,12140.png,229,634,3,0.361198738170347,False,0,0.0,0,0,True,OK,normal
train,12141,12141.png,217,620,3,0.35,True,509,0.37832614835736583,1,509,True,OK,small
train,12142,12142.png,230,638,3,0.3605015673981191,False,0,0.0,0,0,True,OK,normal
train,12143,12143.png,229,619,3,0.36995153473344106,False,0,0.0,0,0,True,OK,normal
train,12144,12144.png,228,629,3,0.3624801271860095,False,0,0.0,0,0,True,OK,normal
train,12145,12145.png,230,633,3,0.36334913112164297,False,0,0.0,0,0,True,OK,normal
train,12146,12146.png,230,644,3,0.35714285714285715,True,2855,1.927491223332433,1,2855,True,OK,medium
train,12147,12147.png,228,648,3,0.35185185185185186,False,0,0.0,0,0,True,OK,normal
train,12148,12148.png,231,639,3,0.3615023474178404,False,0,0.0,0,0,True,OK,normal
train,12149,12149.png,230,606,3,0.3795379537953795,False,0,0.0,0,0,True,OK,normal
train,12150,12150.png,230,632,3,0.3639240506329114,False,0,0.0,0,0,True,OK,normal
train,12151,12151.png,228,622,3,0.3665594855305466,False,0,0.0,0,0,True,OK,normal
train,12152,12152.png,227,637,3,0.3563579277864992,False,0,0.0,0,0,True,OK,normal
train,12153,12153.png,228,633,3,0.36018957345971564,False,0,0.0,0,0,True,OK,normal
train,12154,12154.png,229,623,3,0.36757624398073835,False,0,0.0,0,0,True,OK,normal
train,12155,12155.png,226,637,3,0.35478806907378335,False,0,0.0,0,0,True,OK,normal
train,12156,12156.png,232,640,3,0.3625,False,0,0.0,0,0,True,OK,normal
train,12157,12157.png,232,646,3,0.3591331269349845,False,0,0.0,0,0,True,OK,normal
train,12158,12158.png,230,629,3,0.3656597774244833,False,0,0.0,0,0,True,OK,normal
train,12159,12159.png,232,638,3,0.36363636363636365,False,0,0.0,0,0,True,OK,normal
train,12160,12160.png,227,627,3,0.3620414673046252,True,3643,2.5595627033141524,1,3643,True,OK,medium
train,12161,12161.png,229,631,3,0.3629160063391442,False,0,0.0,0,0,True,OK,normal
train,12162,12162.png,229,646,3,0.3544891640866873,False,0,0.0,0,0,True,OK,normal
train,12163,12163.png,228,636,3,0.3584905660377358,False,0,0.0,0,0,True,OK,normal
train,12164,12164.png,228,638,3,0.3573667711598746,False,0,0.0,0,0,True,OK,normal
train,12165,12165.png,227,631,3,0.35974643423137875,False,0,0.0,0,0,True,OK,normal
train,12166,12166.png,229,630,3,0.3634920634920635,False,0,0.0,0,0,True,OK,normal
train,12167,12167.png,230,631,3,0.36450079239302696,False,0,0.0,0,0,True,OK,normal
train,12168,12168.png,231,640,3,0.3609375,False,0,0.0,0,0,True,OK,normal
train,12169,12169.png,229,642,3,0.35669781931464173,False,0,0.0,0,0,True,OK,normal
train,12170,12170.png,229,631,3,0.3629160063391442,False,0,0.0,0,0,True,OK,normal
train,12171,12171.png,218,635,3,0.34330708661417325,False,0,0.0,0,0,True,OK,normal
train,12172,12172.png,230,624,3,0.3685897435897436,False,0,0.0,0,0,True,OK,normal
train,12173,12173.png,231,639,3,0.3615023474178404,False,0,0.0,0,0,True,OK,normal
train,12174,12174.png,232,648,3,0.35802469135802467,False,0,0.0,0,0,True,OK,normal
train,12175,12175.png,230,643,3,0.35769828926905134,False,0,0.0,0,0,True,OK,normal
train,12176,12176.png,231,639,3,0.3615023474178404,False,0,0.0,0,0,True,OK,normal
train,12177,12177.png,230,632,3,0.3639240506329114,False,0,0.0,0,0,True,OK,normal
train,12178,12178.png,230,638,3,0.3605015673981191,False,0,0.0,0,0,True,OK,normal
train,12179,12179.png,229,629,3,0.3640699523052464,True,13293,9.22862240612048,2,8521,True,OK,large
train,12180,12180.png,230,637,3,0.36106750392464676,False,0,0.0,0,0,True,OK,normal
train,12181,12181.png,228,617,3,0.3695299837925446,False,0,0.0,0,0,True,OK,normal
train,12182,12182.png,231,645,3,0.3581395348837209,False,0,0.0,0,0,True,OK,normal
train,12183,12183.png,231,645,3,0.3581395348837209,False,0,0.0,0,0,True,OK,normal
train,12184,12184.png,229,630,3,0.3634920634920635,False,0,0.0,0,0,True,OK,normal
train,12185,12185.png,228,619,3,0.3683360258481422,False,0,0.0,0,0,True,OK,normal
train,12186,12186.png,230,633,3,0.36334913112164297,False,0,0.0,0,0,True,OK,normal
train,12187,12187.png,229,637,3,0.35949764521193095,False,0,0.0,0,0,True,OK,normal
train,12188,12188.png,228,643,3,0.3545878693623639,False,0,0.0,0,0,True,OK,normal
train,12189,12189.png,229,624,3,0.36698717948717946,False,0,0.0,0,0,True,OK,normal
train,12190,12190.png,231,643,3,0.359253499222395,False,0,0.0,0,0,True,OK,normal
train,12191,12191.png,230,643,3,0.35769828926905134,True,1484,1.0034485090269794,1,1484,True,OK,medium
train,12192,12192.png,230,628,3,0.3662420382165605,False,0,0.0,0,0,True,OK,normal
train,12193,12193.png,229,638,3,0.35893416927899685,False,0,0.0,0,0,True,OK,normal
train,12194,12194.png,228,636,3,0.3584905660377358,False,0,0.0,0,0,True,OK,normal
train,12195,12195.png,229,629,3,0.3640699523052464,False,0,0.0,0,0,True,OK,normal
train,12196,12196.png,230,625,3,0.368,False,0,0.0,0,0,True,OK,normal
train,12197,12197.png,229,640,3,0.3578125,False,0,0.0,0,0,True,OK,normal
train,12198,12198.png,228,635,3,0.3590551181102362,False,0,0.0,0,0,True,OK,normal
train,12199,12199.png,229,630,3,0.3634920634920635,False,0,0.0,0,0,True,OK,normal
train,12200,12200.png,230,647,3,0.3554868624420402,False,0,0.0,0,0,True,OK,normal
train,12201,12201.png,230,631,3,0.36450079239302696,True,3169,2.1835595672845036,1,3169,True,OK,medium
train,12202,12202.png,231,640,3,0.3609375,False,0,0.0,0,0,True,OK,normal
train,12203,12203.png,230,641,3,0.358814352574103,False,0,0.0,0,0,True,OK,normal
train,12204,12204.png,231,642,3,0.3598130841121495,False,0,0.0,0,0,True,OK,normal
train,12205,12205.png,228,628,3,0.3630573248407643,False,0,0.0,0,0,True,OK,normal
train,12206,12206.png,227,638,3,0.3557993730407524,False,0,0.0,0,0,True,OK,normal
train,12207,12207.png,230,643,3,0.35769828926905134,False,0,0.0,0,0,True,OK,normal
train,12208,12208.png,229,631,3,0.3629160063391442,False,0,0.0,0,0,True,OK,normal
train,12209,12209.png,230,640,3,0.359375,False,0,0.0,0,0,True,OK,normal
train,12210,12210.png,230,645,3,0.35658914728682173,True,5363,3.6150994270306707,1,5363,True,OK,large
train,12211,12211.png,228,640,3,0.35625,False,0,0.0,0,0,True,OK,normal
train,12212,12212.png,230,638,3,0.3605015673981191,False,0,0.0,0,0,True,OK,normal
train,12213,12213.png,228,641,3,0.35569422776911075,False,0,0.0,0,0,True,OK,normal
train,12214,12214.png,228,638,3,0.3573667711598746,False,0,0.0,0,0,True,OK,normal
train,12215,12215.png,230,629,3,0.3656597774244833,False,0,0.0,0,0,True,OK,normal
train,12216,12216.png,229,635,3,0.3606299212598425,True,6239,4.290478973971049,2,4033,True,OK,large
train,12217,12217.png,229,623,3,0.36757624398073835,False,0,0.0,0,0,True,OK,normal
train,12218,12218.png,229,646,3,0.3544891640866873,False,0,0.0,0,0,True,OK,normal
train,12219,12219.png,229,624,3,0.36698717948717946,False,0,0.0,0,0,True,OK,normal
train,12220,12220.png,230,634,3,0.3627760252365931,False,0,0.0,0,0,True,OK,normal
train,12221,12221.png,226,631,3,0.358161648177496,False,0,0.0,0,0,True,OK,normal
train,12222,12222.png,230,624,3,0.3685897435897436,False,0,0.0,0,0,True,OK,normal
train,12223,12223.png,231,629,3,0.3672496025437202,False,0,0.0,0,0,True,OK,normal
train,12224,12224.png,230,651,3,0.3533026113671275,False,0,0.0,0,0,True,OK,normal
train,12225,12225.png,225,633,3,0.35545023696682465,False,0,0.0,0,0,True,OK,normal
train,12226,12226.png,220,638,3,0.3448275862068966,False,0,0.0,0,0,True,OK,normal
train,12227,12227.png,230,648,3,0.3549382716049383,False,0,0.0,0,0,True,OK,normal
train,12228,12228.png,231,638,3,0.3620689655172414,False,0,0.0,0,0,True,OK,normal
train,12229,12229.png,228,633,3,0.36018957345971564,False,0,0.0,0,0,True,OK,normal
train,12230,12230.png,218,640,3,0.340625,False,0,0.0,0,0,True,OK,normal
train,12231,12231.png,229,634,3,0.361198738170347,False,0,0.0,0,0,True,OK,normal
train,12232,12232.png,231,630,3,0.36666666666666664,False,0,0.0,0,0,True,OK,normal
train,12233,12233.png,229,625,3,0.3664,True,7020,4.904803493449782,1,7020,True,OK,large
train,12234,12234.png,229,635,3,0.3606299212598425,False,0,0.0,0,0,True,OK,normal
train,12235,12235.png,229,631,3,0.3629160063391442,False,0,0.0,0,0,True,OK,normal
train,12236,12236.png,229,630,3,0.3634920634920635,False,0,0.0,0,0,True,OK,normal
train,12237,12237.png,232,638,3,0.36363636363636365,True,10525,7.110717760242135,2,9734,True,OK,large
train,12238,12238.png,232,612,3,0.3790849673202614,False,0,0.0,0,0,True,OK,normal
train,12239,12239.png,229,630,3,0.3634920634920635,False,0,0.0,0,0,True,OK,normal
train,12240,12240.png,229,627,3,0.3652312599681021,False,0,0.0,0,0,True,OK,normal
train,12241,12241.png,229,630,3,0.3634920634920635,False,0,0.0,0,0,True,OK,normal
train,12242,12242.png,229,631,3,0.3629160063391442,False,0,0.0,0,0,True,OK,normal
train,12243,12243.png,229,624,3,0.36698717948717946,False,0,0.0,0,0,True,OK,normal
train,12244,12244.png,229,620,3,0.36935483870967745,True,1402,0.9874630229609804,1,1402,True,OK,medium
train,12245,12245.png,230,637,3,0.36106750392464676,True,3570,2.436693741041567,1,3570,True,OK,medium
train,12246,12246.png,229,602,3,0.3803986710963455,False,0,0.0,0,0,True,OK,normal
train,12247,12247.png,228,629,3,0.3624801271860095,False,0,0.0,0,0,True,OK,normal
train,12248,12248.png,229,635,3,0.3606299212598425,False,0,0.0,0,0,True,OK,normal
train,12249,12249.png,229,638,3,0.35893416927899685,False,0,0.0,0,0,True,OK,normal
train,12250,12250.png,228,607,3,0.3756177924217463,False,0,0.0,0,0,True,OK,normal
train,12251,12251.png,228,640,3,0.35625,False,0,0.0,0,0,True,OK,normal
train,12252,12252.png,229,635,3,0.3606299212598425,False,0,0.0,0,0,True,OK,normal
train,12253,12253.png,228,632,3,0.36075949367088606,False,0,0.0,0,0,True,OK,normal
train,12254,12254.png,228,640,3,0.35625,False,0,0.0,0,0,True,OK,normal
train,12255,12255.png,230,616,3,0.37337662337662336,True,1205,0.8505081874647092,1,1205,True,OK,small
train,12256,12256.png,228,633,3,0.36018957345971564,False,0,0.0,0,0,True,OK,normal
train,12257,12257.png,230,631,3,0.36450079239302696,False,0,0.0,0,0,True,OK,normal
train,12258,12258.png,229,627,3,0.3652312599681021,False,0,0.0,0,0,True,OK,normal
train,12259,12259.png,209,637,3,0.3281004709576138,False,0,0.0,0,0,True,OK,normal
train,12260,12260.png,230,632,3,0.3639240506329114,False,0,0.0,0,0,True,OK,normal
train,12261,12261.png,230,631,3,0.36450079239302696,False,0,0.0,0,0,True,OK,normal
train,12262,12262.png,230,634,3,0.3627760252365931,False,0,0.0,0,0,True,OK,normal
train,12263,12263.png,228,633,3,0.36018957345971564,False,0,0.0,0,0,True,OK,normal
train,12264,12264.png,230,636,3,0.36163522012578614,False,0,0.0,0,0,True,OK,normal
train,12265,12265.png,212,648,3,0.3271604938271605,False,0,0.0,0,0,True,OK,normal
train,12266,12266.png,229,628,3,0.3646496815286624,False,0,0.0,0,0,True,OK,normal
train,12267,12267.png,230,629,3,0.3656597774244833,False,0,0.0,0,0,True,OK,normal
train,12268,12268.png,230,638,3,0.3605015673981191,False,0,0.0,0,0,True,OK,normal
train,12269,12269.png,229,632,3,0.3623417721518987,False,0,0.0,0,0,True,OK,normal
train,12270,12270.png,206,641,3,0.3213728549141966,False,0,0.0,0,0,True,OK,normal
train,12271,12271.png,227,648,3,0.35030864197530864,False,0,0.0,0,0,True,OK,normal
train,12272,12272.png,229,636,3,0.360062893081761,False,0,0.0,0,0,True,OK,normal
train,12273,12273.png,228,644,3,0.35403726708074534,False,0,0.0,0,0,True,OK,normal
train,12274,12274.png,230,629,3,0.3656597774244833,True,721,0.4983756134651275,1,721,True,OK,small
train,12275,12275.png,229,628,3,0.3646496815286624,False,0,0.0,0,0,True,OK,normal
train,12276,12276.png,230,642,3,0.3582554517133956,False,0,0.0,0,0,True,OK,normal
train,12277,12277.png,229,646,3,0.3544891640866873,False,0,0.0,0,0,True,OK,normal
train,12278,12278.png,229,628,3,0.3646496815286624,False,0,0.0,0,0,True,OK,normal
train,12279,12279.png,231,643,3,0.359253499222395,False,0,0.0,0,0,True,OK,normal
train,12280,12280.png,230,614,3,0.3745928338762215,False,0,0.0,0,0,True,OK,normal
train,12281,12281.png,230,630,3,0.36507936507936506,False,0,0.0,0,0,True,OK,normal
train,12282,12282.png,229,636,3,0.360062893081761,False,0,0.0,0,0,True,OK,normal
train,12283,12283.png,229,638,3,0.35893416927899685,False,0,0.0,0,0,True,OK,normal
train,12284,12284.png,231,638,3,0.3620689655172414,False,0,0.0,0,0,True,OK,normal
train,12285,12285.png,230,626,3,0.36741214057507987,False,0,0.0,0,0,True,OK,normal
train,12286,12286.png,229,624,3,0.36698717948717946,False,0,0.0,0,0,True,OK,normal
train,12287,12287.png,231,633,3,0.36492890995260663,True,2654,1.815035938258687,1,2654,True,OK,medium
train,12288,12288.png,229,632,3,0.3623417721518987,True,1938,1.3390636227958652,3,1819,True,OK,medium
train,12289,12289.png,230,635,3,0.36220472440944884,False,0,0.0,0,0,True,OK,normal
train,12290,12290.png,229,619,3,0.36995153473344106,False,0,0.0,0,0,True,OK,normal
train,12291,12291.png,229,629,3,0.3640699523052464,False,0,0.0,0,0,True,OK,normal
train,12292,12292.png,230,632,3,0.3639240506329114,False,0,0.0,0,0,True,OK,normal
train,12293,12293.png,233,627,3,0.37161084529505584,False,0,0.0,0,0,True,OK,normal
train,12294,12294.png,229,628,3,0.3646496815286624,False,0,0.0,0,0,True,OK,normal
train,12295,12295.png,230,630,3,0.36507936507936506,False,0,0.0,0,0,True,OK,normal
train,12296,12296.png,229,646,3,0.3544891640866873,False,0,0.0,0,0,True,OK,normal
train,12297,12297.png,229,638,3,0.35893416927899685,False,0,0.0,0,0,True,OK,normal
train,12298,12298.png,230,636,3,0.36163522012578614,False,0,0.0,0,0,True,OK,normal
train,12299,12299.png,229,604,3,0.3791390728476821,False,0,0.0,0,0,True,OK,normal
train,12300,12300.png,230,628,3,0.3662420382165605,False,0,0.0,0,0,True,OK,normal
train,12301,12301.png,229,638,3,0.35893416927899685,True,3697,2.530423950390823,1,3697,True,OK,large
train,12302,12302.png,231,637,3,0.3626373626373626,False,0,0.0,0,0,True,OK,normal
train,12303,12303.png,232,640,3,0.3625,True,13052,8.790409482758621,1,13052,True,OK,large
train,12304,12304.png,229,640,3,0.3578125,False,0,0.0,0,0,True,OK,normal
train,12305,12305.png,232,635,3,0.3653543307086614,False,0,0.0,0,0,True,OK,normal
train,12306,12306.png,229,613,3,0.3735725938009788,False,0,0.0,0,0,True,OK,normal
train,12307,12307.png,230,649,3,0.3543913713405239,False,0,0.0,0,0,True,OK,normal
train,12308,12308.png,229,639,3,0.35837245696400627,False,0,0.0,0,0,True,OK,normal
train,12309,12309.png,229,646,3,0.3544891640866873,False,0,0.0,0,0,True,OK,normal
train,12310,12310.png,232,630,3,0.3682539682539683,False,0,0.0,0,0,True,OK,normal
train,12311,12311.png,227,637,3,0.3563579277864992,False,0,0.0,0,0,True,OK,normal
train,12312,12312.png,229,638,3,0.35893416927899685,False,0,0.0,0,0,True,OK,normal
train,12313,12313.png,229,645,3,0.3550387596899225,False,0,0.0,0,0,True,OK,normal
train,12314,12314.png,229,636,3,0.360062893081761,True,4355,2.9901678064321224,1,4355,True,OK,large
train,12315,12315.png,229,631,3,0.3629160063391442,True,3841,2.6581498833901964,1,3841,True,OK,large
train,12316,12316.png,229,610,3,0.37540983606557377,False,0,0.0,0,0,True,OK,normal
train,12317,12317.png,233,635,3,0.3669291338582677,True,2652,1.7924368895948093,2,1858,True,OK,medium
train,12318,12318.png,230,630,3,0.36507936507936506,False,0,0.0,0,0,True,OK,normal
train,12319,12319.png,230,632,3,0.3639240506329114,False,0,0.0,0,0,True,OK,normal
train,12320,12320.png,230,638,3,0.3605015673981191,False,0,0.0,0,0,True,OK,normal
train,12321,12321.png,230,618,3,0.37216828478964403,False,0,0.0,0,0,True,OK,normal
train,12322,12322.png,230,630,3,0.36507936507936506,False,0,0.0,0,0,True,OK,normal
train,12323,12323.png,230,658,3,0.3495440729483283,False,0,0.0,0,0,True,OK,normal
train,12324,12324.png,230,642,3,0.3582554517133956,False,0,0.0,0,0,True,OK,normal
train,12325,12325.png,228,627,3,0.36363636363636365,False,0,0.0,0,0,True,OK,normal
train,12326,12326.png,228,629,3,0.3624801271860095,False,0,0.0,0,0,True,OK,normal
train,12327,12327.png,232,634,3,0.3659305993690852,False,0,0.0,0,0,True,OK,normal
train,12328,12328.png,230,633,3,0.36334913112164297,False,0,0.0,0,0,True,OK,normal
train,12329,12329.png,229,607,3,0.3772652388797364,False,0,0.0,0,0,True,OK,normal
train,12330,12330.png,229,606,3,0.3778877887788779,False,0,0.0,0,0,True,OK,normal
test,20000,20000.png,231,636,3,0.3632075471698113,False,0,0.0,0,0,True,OK,normal
test,20001,20001.png,231,642,3,0.3598130841121495,False,0,0.0,0,0,True,OK,normal
test,20002,20002.png,231,631,3,0.36608557844690964,False,0,0.0,0,0,True,OK,normal
test,20003,20003.png,229,636,3,0.360062893081761,False,0,0.0,0,0,True,OK,normal
test,20004,20004.png,230,632,3,0.3639240506329114,False,0,0.0,0,0,True,OK,normal
test,20005,20005.png,229,638,3,0.35893416927899685,False,0,0.0,0,0,True,OK,normal
test,20006,20006.png,228,641,3,0.35569422776911075,False,0,0.0,0,0,True,OK,normal
test,20007,20007.png,229,626,3,0.365814696485623,False,0,0.0,0,0,True,OK,normal
test,20008,20008.png,229,639,3,0.35837245696400627,False,0,0.0,0,0,True,OK,normal
test,20009,20009.png,230,640,3,0.359375,False,0,0.0,0,0,True,OK,normal
test,20010,20010.png,230,635,3,0.36220472440944884,False,0,0.0,0,0,True,OK,normal
test,20011,20011.png,230,645,3,0.35658914728682173,False,0,0.0,0,0,True,OK,normal
test,20012,20012.png,231,642,3,0.3598130841121495,False,0,0.0,0,0,True,OK,normal
test,20013,20013.png,228,634,3,0.35962145110410093,False,0,0.0,0,0,True,OK,normal
test,20014,20014.png,229,633,3,0.3617693522906793,False,0,0.0,0,0,True,OK,normal
test,20015,20015.png,229,624,3,0.36698717948717946,False,0,0.0,0,0,True,OK,normal
test,20016,20016.png,231,640,3,0.3609375,False,0,0.0,0,0,True,OK,normal
test,20017,20017.png,215,639,3,0.3364632237871675,False,0,0.0,0,0,True,OK,normal
test,20018,20018.png,231,640,3,0.3609375,False,0,0.0,0,0,True,OK,normal
test,20019,20019.png,229,642,3,0.35669781931464173,False,0,0.0,0,0,True,OK,normal
test,20020,20020.png,226,636,3,0.3553459119496855,False,0,0.0,0,0,True,OK,normal
test,20021,20021.png,229,638,3,0.35893416927899685,False,0,0.0,0,0,True,OK,normal
test,20022,20022.png,231,640,3,0.3609375,False,0,0.0,0,0,True,OK,normal
test,20023,20023.png,230,633,3,0.36334913112164297,False,0,0.0,0,0,True,OK,normal
test,20024,20024.png,210,647,3,0.32457496136012365,False,0,0.0,0,0,True,OK,normal
test,20025,20025.png,229,633,3,0.3617693522906793,False,0,0.0,0,0,True,OK,normal
test,20026,20026.png,228,640,3,0.35625,False,0,0.0,0,0,True,OK,normal
test,20027,20027.png,230,638,3,0.3605015673981191,False,0,0.0,0,0,True,OK,normal
test,20028,20028.png,229,631,3,0.3629160063391442,False,0,0.0,0,0,True,OK,normal
test,20029,20029.png,227,639,3,0.35524256651017216,False,0,0.0,0,0,True,OK,normal
test,20030,20030.png,228,641,3,0.35569422776911075,False,0,0.0,0,0,True,OK,normal
test,20031,20031.png,231,635,3,0.3637795275590551,False,0,0.0,0,0,True,OK,normal
test,20032,20032.png,229,636,3,0.360062893081761,False,0,0.0,0,0,True,OK,normal
test,20033,20033.png,230,639,3,0.3599374021909233,False,0,0.0,0,0,True,OK,normal
test,20034,20034.png,230,630,3,0.36507936507936506,False,0,0.0,0,0,True,OK,normal
test,20035,20035.png,229,638,3,0.35893416927899685,False,0,0.0,0,0,True,OK,normal
test,20036,20036.png,229,646,3,0.3544891640866873,False,0,0.0,0,0,True,OK,normal
test,20037,20037.png,206,625,3,0.3296,False,0,0.0,0,0,True,OK,normal
test,20038,20038.png,230,637,3,0.36106750392464676,False,0,0.0,0,0,True,OK,normal
test,20039,20039.png,232,639,3,0.36306729264475746,False,0,0.0,0,0,True,OK,normal
test,20040,20040.png,229,634,3,0.361198738170347,False,0,0.0,0,0,True,OK,normal
test,20041,20041.png,229,630,3,0.3634920634920635,False,0,0.0,0,0,True,OK,normal
test,20042,20042.png,227,624,3,0.36378205128205127,True,5529,3.9033378515757367,1,5529,True,OK,large
test,20043,20043.png,229,644,3,0.3555900621118012,False,0,0.0,0,0,True,OK,normal
test,20044,20044.png,230,633,3,0.36334913112164297,False,0,0.0,0,0,True,OK,normal
test,20045,20045.png,229,637,3,0.35949764521193095,False,0,0.0,0,0,True,OK,normal
test,20046,20046.png,228,633,3,0.36018957345971564,False,0,0.0,0,0,True,OK,normal
test,20047,20047.png,232,636,3,0.36477987421383645,False,0,0.0,0,0,True,OK,normal
test,20048,20048.png,228,632,3,0.36075949367088606,False,0,0.0,0,0,True,OK,normal
test,20049,20049.png,229,628,3,0.3646496815286624,False,0,0.0,0,0,True,OK,normal
test,20050,20050.png,229,638,3,0.35893416927899685,False,0,0.0,0,0,True,OK,normal
test,20051,20051.png,230,634,3,0.3627760252365931,False,0,0.0,0,0,True,OK,normal
test,20052,20052.png,230,634,3,0.3627760252365931,False,0,0.0,0,0,True,OK,normal
test,20053,20053.png,229,635,3,0.3606299212598425,False,0,0.0,0,0,True,OK,normal
test,20054,20054.png,230,654,3,0.3516819571865443,False,0,0.0,0,0,True,OK,normal
test,20055,20055.png,232,645,3,0.35968992248062015,False,0,0.0,0,0,True,OK,normal
test,20056,20056.png,230,648,3,0.3549382716049383,True,1564,1.0493827160493827,1,1564,True,OK,medium
test,20057,20057.png,230,665,3,0.3458646616541353,False,0,0.0,0,0,True,OK,normal
test,20058,20058.png,232,642,3,0.3613707165109034,False,0,0.0,0,0,True,OK,normal
test,20059,20059.png,230,618,3,0.37216828478964403,False,0,0.0,0,0,True,OK,normal
test,20060,20060.png,230,633,3,0.36334913112164297,False,0,0.0,0,0,True,OK,normal
test,20061,20061.png,231,636,3,0.3632075471698113,False,0,0.0,0,0,True,OK,normal
test,20062,20062.png,211,635,3,0.33228346456692914,False,0,0.0,0,0,True,OK,normal
test,20063,20063.png,232,634,3,0.3659305993690852,False,0,0.0,0,0,True,OK,normal
test,20064,20064.png,229,637,3,0.35949764521193095,False,0,0.0,0,0,True,OK,normal
test,20065,20065.png,229,631,3,0.3629160063391442,False,0,0.0,0,0,True,OK,normal
test,20066,20066.png,230,636,3,0.36163522012578614,False,0,0.0,0,0,True,OK,normal
test,20067,20067.png,230,650,3,0.35384615384615387,False,0,0.0,0,0,True,OK,normal
test,20068,20068.png,230,637,3,0.36106750392464676,True,2321,1.5841922053102178,1,2321,True,OK,medium
test,20069,20069.png,229,637,3,0.35949764521193095,False,0,0.0,0,0,True,OK,normal
test,20070,20070.png,230,633,3,0.36334913112164297,False,0,0.0,0,0,True,OK,normal
test,20071,20071.png,229,637,3,0.35949764521193095,False,0,0.0,0,0,True,OK,normal
test,20072,20072.png,228,634,3,0.35962145110410093,False,0,0.0,0,0,True,OK,normal
test,20073,20073.png,230,637,3,0.36106750392464676,False,0,0.0,0,0,True,OK,normal
test,20074,20074.png,229,636,3,0.360062893081761,False,0,0.0,0,0,True,OK,normal
test,20075,20075.png,229,637,3,0.35949764521193095,False,0,0.0,0,0,True,OK,normal
test,20076,20076.png,229,650,3,0.3523076923076923,False,0,0.0,0,0,True,OK,normal
test,20077,20077.png,230,639,3,0.3599374021909233,False,0,0.0,0,0,True,OK,normal
test,20078,20078.png,231,641,3,0.36037441497659906,False,0,0.0,0,0,True,OK,normal
test,20079,20079.png,226,641,3,0.35257410296411856,False,0,0.0,0,0,True,OK,normal
test,20080,20080.png,228,631,3,0.3613312202852615,False,0,0.0,0,0,True,OK,normal
test,20081,20081.png,228,635,3,0.3590551181102362,False,0,0.0,0,0,True,OK,normal
test,20082,20082.png,230,638,3,0.3605015673981191,False,0,0.0,0,0,True,OK,normal
test,20083,20083.png,228,648,3,0.35185185185185186,False,0,0.0,0,0,True,OK,normal
test,20084,20084.png,229,639,3,0.35837245696400627,True,4492,3.069752820660011,1,4492,True,OK,large
test,20085,20085.png,228,635,3,0.3590551181102362,False,0,0.0,0,0,True,OK,normal
test,20086,20086.png,231,651,3,0.3548387096774194,False,0,0.0,0,0,True,OK,normal
test,20087,20087.png,230,641,3,0.358814352574103,False,0,0.0,0,0,True,OK,normal
test,20088,20088.png,229,639,3,0.35837245696400627,False,0,0.0,0,0,True,OK,normal
test,20089,20089.png,229,633,3,0.3617693522906793,False,0,0.0,0,0,True,OK,normal
test,20090,20090.png,230,636,3,0.36163522012578614,False,0,0.0,0,0,True,OK,normal
test,20091,20091.png,229,650,3,0.3523076923076923,False,0,0.0,0,0,True,OK,normal
test,20092,20092.png,232,631,3,0.3676703645007924,False,0,0.0,0,0,True,OK,normal
test,20093,20093.png,228,640,3,0.35625,False,0,0.0,0,0,True,OK,normal
test,20094,20094.png,230,633,3,0.36334913112164297,False,0,0.0,0,0,True,OK,normal
test,20095,20095.png,231,645,3,0.3581395348837209,True,4457,2.991375549515084,1,4457,True,OK,large
test,20096,20096.png,229,636,3,0.360062893081761,False,0,0.0,0,0,True,OK,normal
test,20097,20097.png,230,636,3,0.36163522012578614,False,0,0.0,0,0,True,OK,normal
test,20098,20098.png,226,633,3,0.3570300157977883,False,0,0.0,0,0,True,OK,normal
test,20099,20099.png,230,637,3,0.36106750392464676,True,3785,2.5834414033171798,1,3785,True,OK,large
test,20100,20100.png,230,644,3,0.35714285714285715,False,0,0.0,0,0,True,OK,normal
test,20101,20101.png,229,638,3,0.35893416927899685,False,0,0.0,0,0,True,OK,normal
test,20102,20102.png,229,639,3,0.35837245696400627,False,0,0.0,0,0,True,OK,normal
test,20103,20103.png,229,650,3,0.3523076923076923,False,0,0.0,0,0,True,OK,normal
test,20104,20104.png,230,636,3,0.36163522012578614,False,0,0.0,0,0,True,OK,normal
test,20105,20105.png,229,636,3,0.360062893081761,False,0,0.0,0,0,True,OK,normal
test,20106,20106.png,230,651,3,0.3533026113671275,False,0,0.0,0,0,True,OK,normal
test,20107,20107.png,230,638,3,0.3605015673981191,False,0,0.0,0,0,True,OK,normal
test,20108,20108.png,229,638,3,0.35893416927899685,False,0,0.0,0,0,True,OK,normal
test,20109,20109.png,229,631,3,0.3629160063391442,False,0,0.0,0,0,True,OK,normal
test,20110,20110.png,232,631,3,0.3676703645007924,False,0,0.0,0,0,True,OK,normal
test,20111,20111.png,233,615,3,0.37886178861788616,False,0,0.0,0,0,True,OK,normal
test,20112,20112.png,230,642,3,0.3582554517133956,False,0,0.0,0,0,True,OK,normal
test,20113,20113.png,229,634,3,0.361198738170347,False,0,0.0,0,0,True,OK,normal
test,20114,20114.png,230,645,3,0.35658914728682173,False,0,0.0,0,0,True,OK,normal
test,20115,20115.png,228,625,3,0.3648,False,0,0.0,0,0,True,OK,normal
test,20116,20116.png,233,630,3,0.36984126984126986,False,0,0.0,0,0,True,OK,normal
test,20117,20117.png,231,639,3,0.3615023474178404,True,3272,2.2166670053993998,2,2154,True,OK,medium
test,20118,20118.png,229,637,3,0.35949764521193095,True,5000,3.427639110733309,1,5000,True,OK,large
test,20119,20119.png,228,638,3,0.3573667711598746,False,0,0.0,0,0,True,OK,normal
test,20120,20120.png,231,637,3,0.3626373626373626,False,0,0.0,0,0,True,OK,normal
test,20121,20121.png,229,645,3,0.3550387596899225,True,6609,4.474459226160252,1,6609,True,OK,large
test,20122,20122.png,230,629,3,0.3656597774244833,False,0,0.0,0,0,True,OK,normal
test,20123,20123.png,218,621,3,0.35104669887278583,False,0,0.0,0,0,True,OK,normal
test,20124,20124.png,234,637,3,0.3673469387755102,False,0,0.0,0,0,True,OK,normal
test,20125,20125.png,235,633,3,0.3712480252764613,True,2144,1.4412960908877013,1,2144,True,OK,medium
test,20126,20126.png,232,627,3,0.3700159489633174,False,0,0.0,0,0,True,OK,normal
test,20127,20127.png,234,631,3,0.37083993660855785,False,0,0.0,0,0,True,OK,normal
test,20128,20128.png,227,628,3,0.3614649681528662,False,0,0.0,0,0,True,OK,normal
test,20129,20129.png,228,626,3,0.36421725239616615,True,2062,1.4447060142368702,1,2062,True,OK,medium
test,20130,20130.png,228,637,3,0.3579277864992151,True,1282,0.8827012586411084,1,1282,True,OK,small
test,20131,20131.png,231,643,3,0.359253499222395,False,0,0.0,0,0,True,OK,normal
test,20132,20132.png,229,639,3,0.35837245696400627,False,0,0.0,0,0,True,OK,normal
test,20133,20133.png,228,640,3,0.35625,False,0,0.0,0,0,True,OK,normal
test,20134,20134.png,230,636,3,0.36163522012578614,False,0,0.0,0,0,True,OK,normal
test,20135,20135.png,216,650,3,0.3323076923076923,False,0,0.0,0,0,True,OK,normal
test,20136,20136.png,229,634,3,0.361198738170347,False,0,0.0,0,0,True,OK,normal
test,20137,20137.png,227,631,3,0.35974643423137875,False,0,0.0,0,0,True,OK,normal
test,20138,20138.png,231,638,3,0.3620689655172414,False,0,0.0,0,0,True,OK,normal
test,20139,20139.png,211,634,3,0.33280757097791797,True,559,0.4178689431429127,1,559,True,OK,small
test,20140,20140.png,231,635,3,0.3637795275590551,False,0,0.0,0,0,True,OK,normal
test,20141,20141.png,229,627,3,0.3652312599681021,True,3268,2.2760354638083893,1,3268,True,OK,medium
test,20142,20142.png,229,637,3,0.35949764521193095,True,1763,1.2085855504445648,1,1763,True,OK,medium
test,20143,20143.png,228,639,3,0.3568075117370892,False,0,0.0,0,0,True,OK,normal
test,20144,20144.png,229,635,3,0.3606299212598425,False,0,0.0,0,0,True,OK,normal
test,20145,20145.png,229,629,3,0.3640699523052464,False,0,0.0,0,0,True,OK,normal
test,20146,20146.png,230,636,3,0.36163522012578614,False,0,0.0,0,0,True,OK,normal
test,20147,20147.png,224,636,3,0.3522012578616352,False,0,0.0,0,0,True,OK,normal
test,20148,20148.png,230,630,3,0.36507936507936506,False,0,0.0,0,0,True,OK,normal
test,20149,20149.png,231,648,3,0.35648148148148145,False,0,0.0,0,0,True,OK,normal
test,20150,20150.png,226,638,3,0.3542319749216301,False,0,0.0,0,0,True,OK,normal
test,20151,20151.png,233,640,3,0.3640625,False,0,0.0,0,0,True,OK,normal
test,20152,20152.png,228,627,3,0.36363636363636365,False,0,0.0,0,0,True,OK,normal
test,20153,20153.png,226,639,3,0.3536776212832551,False,0,0.0,0,0,True,OK,normal
test,20154,20154.png,226,633,3,0.3570300157977883,False,0,0.0,0,0,True,OK,normal
test,20155,20155.png,230,633,3,0.36334913112164297,True,1002,0.6882340820111271,1,1002,True,OK,small
test,20156,20156.png,227,632,3,0.35917721518987344,False,0,0.0,0,0,True,OK,normal
test,20157,20157.png,216,634,3,0.34069400630914826,False,0,0.0,0,0,True,OK,normal
test,20158,20158.png,229,641,3,0.35725429017160687,True,17472,11.902799256075046,1,17472,True,OK,large
test,20159,20159.png,233,632,3,0.3686708860759494,True,755,0.5127125550062476,1,755,True,OK,small
test,20160,20160.png,231,636,3,0.3632075471698113,False,0,0.0,0,0,True,OK,normal
test,20161,20161.png,233,629,3,0.37042925278219396,False,0,0.0,0,0,True,OK,normal
test,20162,20162.png,233,648,3,0.3595679012345679,False,0,0.0,0,0,True,OK,normal
test,20163,20163.png,228,643,3,0.3545878693623639,False,0,0.0,0,0,True,OK,normal
test,20164,20164.png,230,634,3,0.3627760252365931,False,0,0.0,0,0,True,OK,normal
test,20165,20165.png,228,632,3,0.36075949367088606,False,0,0.0,0,0,True,OK,normal
test,20166,20166.png,228,644,3,0.35403726708074534,False,0,0.0,0,0,True,OK,normal
test,20167,20167.png,231,640,3,0.3609375,False,0,0.0,0,0,True,OK,normal
test,20168,20168.png,230,634,3,0.3627760252365931,False,0,0.0,0,0,True,OK,normal
test,20169,20169.png,231,648,3,0.35648148148148145,False,0,0.0,0,0,True,OK,normal
test,20170,20170.png,236,649,3,0.36363636363636365,False,0,0.0,0,0,True,OK,normal
test,20171,20171.png,227,619,3,0.3667205169628433,False,0,0.0,0,0,True,OK,normal
test,20172,20172.png,229,630,3,0.3634920634920635,True,2273,1.5755181257364663,1,2273,True,OK,medium
test,20173,20173.png,218,633,3,0.344391785150079,False,0,0.0,0,0,True,OK,normal
test,20174,20174.png,232,642,3,0.3613707165109034,False,0,0.0,0,0,True,OK,normal
test,20175,20175.png,223,625,3,0.3568,True,939,0.6737219730941704,1,939,True,OK,small
test,20176,20176.png,233,646,3,0.3606811145510836,False,0,0.0,0,0,True,OK,normal
test,20177,20177.png,230,647,3,0.3554868624420402,True,819,0.5503662388280358,1,819,True,OK,small
test,20178,20178.png,228,638,3,0.3573667711598746,False,0,0.0,0,0,True,OK,normal
test,20179,20179.png,229,640,3,0.3578125,False,0,0.0,0,0,True,OK,normal
test,20180,20180.png,234,643,3,0.36391912908242613,False,0,0.0,0,0,True,OK,normal
test,20181,20181.png,227,638,3,0.3557993730407524,False,0,0.0,0,0,True,OK,normal
test,20182,20182.png,231,651,3,0.3548387096774194,False,0,0.0,0,0,True,OK,normal
test,20183,20183.png,230,636,3,0.36163522012578614,False,0,0.0,0,0,True,OK,normal
test,20184,20184.png,227,635,3,0.35748031496062993,False,0,0.0,0,0,True,OK,normal
test,20185,20185.png,232,637,3,0.3642072213500785,False,0,0.0,0,0,True,OK,normal
test,20186,20186.png,231,632,3,0.36550632911392406,False,0,0.0,0,0,True,OK,normal
test,20187,20187.png,230,634,3,0.3627760252365931,False,0,0.0,0,0,True,OK,normal
test,20188,20188.png,225,641,3,0.35101404056162244,False,0,0.0,0,0,True,OK,normal
test,20189,20189.png,230,641,3,0.358814352574103,False,0,0.0,0,0,True,OK,normal
test,20190,20190.png,236,640,3,0.36875,True,4865,3.2210010593220337,1,4865,True,OK,large
test,20191,20191.png,229,635,3,0.3606299212598425,False,0,0.0,0,0,True,OK,normal
test,20192,20192.png,229,636,3,0.360062893081761,False,0,0.0,0,0,True,OK,normal
test,20193,20193.png,228,638,3,0.3573667711598746,True,43869,30.157977231479954,1,43869,True,OK,large
test,20194,20194.png,226,643,3,0.3514774494556765,False,0,0.0,0,0,True,OK,normal
test,20195,20195.png,229,644,3,0.3555900621118012,False,0,0.0,0,0,True,OK,normal
test,20196,20196.png,229,628,3,0.3646496815286624,False,0,0.0,0,0,True,OK,normal
test,20197,20197.png,233,630,3,0.36984126984126986,False,0,0.0,0,0,True,OK,normal
test,20198,20198.png,233,628,3,0.37101910828025475,False,0,0.0,0,0,True,OK,normal
test,20199,20199.png,229,644,3,0.3555900621118012,False,0,0.0,0,0,True,OK,normal
test,20200,20200.png,228,644,3,0.35403726708074534,False,0,0.0,0,0,True,OK,normal
test,20201,20201.png,228,626,3,0.36421725239616615,False,0,0.0,0,0,True,OK,normal
test,20202,20202.png,231,637,3,0.3626373626373626,False,0,0.0,0,0,True,OK,normal
test,20203,20203.png,231,638,3,0.3620689655172414,False,0,0.0,0,0,True,OK,normal
test,20204,20204.png,232,641,3,0.3619344773790952,True,4284,2.880735919091936,1,4284,True,OK,large
test,20205,20205.png,234,631,3,0.37083993660855785,False,0,0.0,0,0,True,OK,normal
test,20206,20206.png,229,632,3,0.3623417721518987,False,0,0.0,0,0,True,OK,normal
test,20207,20207.png,233,639,3,0.3646322378716745,False,0,0.0,0,0,True,OK,normal
test,20208,20208.png,229,636,3,0.360062893081761,False,0,0.0,0,0,True,OK,normal
test,20209,20209.png,223,640,3,0.3484375,True,10058,7.047365470852018,1,10058,True,OK,large
test,20210,20210.png,233,640,3,0.3640625,False,0,0.0,0,0,True,OK,normal
test,20211,20211.png,234,639,3,0.36619718309859156,False,0,0.0,0,0,True,OK,normal
test,20212,20212.png,230,639,3,0.3599374021909233,False,0,0.0,0,0,True,OK,normal
test,20213,20213.png,232,629,3,0.3688394276629571,False,0,0.0,0,0,True,OK,normal
test,20214,20214.png,232,630,3,0.3682539682539683,False,0,0.0,0,0,True,OK,normal
test,20215,20215.png,233,633,3,0.36808846761453395,False,0,0.0,0,0,True,OK,normal
test,20216,20216.png,228,631,3,0.3613312202852615,False,0,0.0,0,0,True,OK,normal
test,20217,20217.png,230,640,3,0.359375,True,1635,1.1107336956521738,1,1635,True,OK,medium
test,20218,20218.png,231,635,3,0.3637795275590551,False,0,0.0,0,0,True,OK,normal
test,20219,20219.png,228,627,3,0.36363636363636365,False,0,0.0,0,0,True,OK,normal
test,20220,20220.png,227,624,3,0.36378205128205127,False,0,0.0,0,0,True,OK,normal
test,20221,20221.png,233,634,3,0.3675078864353312,False,0,0.0,0,0,True,OK,normal
test,20222,20222.png,230,634,3,0.3627760252365931,False,0,0.0,0,0,True,OK,normal
test,20223,20223.png,227,626,3,0.36261980830670926,False,0,0.0,0,0,True,OK,normal
test,20224,20224.png,229,640,3,0.3578125,False,0,0.0,0,0,True,OK,normal
test,20225,20225.png,228,637,3,0.3579277864992151,False,0,0.0,0,0,True,OK,normal
test,20226,20226.png,232,634,3,0.3659305993690852,False,0,0.0,0,0,True,OK,normal
test,20227,20227.png,231,628,3,0.3678343949044586,False,0,0.0,0,0,True,OK,normal
test,20228,20228.png,231,633,3,0.36492890995260663,True,87,0.05949816376356661,1,87,True,OK,small
test,20229,20229.png,226,636,3,0.3553459119496855,False,0,0.0,0,0,True,OK,normal
test,20230,20230.png,227,641,3,0.3541341653666147,False,0,0.0,0,0,True,OK,normal
test,20231,20231.png,230,630,3,0.36507936507936506,True,178,0.12284334023464458,1,178,True,OK,small
test,20232,20232.png,233,647,3,0.3601236476043277,False,0,0.0,0,0,True,OK,normal
test,20233,20233.png,231,634,3,0.3643533123028391,False,0,0.0,0,0,True,OK,normal
test,20234,20234.png,231,637,3,0.3626373626373626,False,0,0.0,0,0,True,OK,normal
test,20235,20235.png,226,632,3,0.3575949367088608,False,0,0.0,0,0,True,OK,normal
test,20236,20236.png,231,631,3,0.36608557844690964,True,367,0.2517820267424071,1,367,True,OK,small
test,20237,20237.png,226,633,3,0.3570300157977883,False,0,0.0,0,0,True,OK,normal
test,20238,20238.png,215,633,3,0.33965244865718797,False,0,0.0,0,0,True,OK,normal
test,20239,20239.png,232,636,3,0.36477987421383645,False,0,0.0,0,0,True,OK,normal
test,20240,20240.png,232,631,3,0.3676703645007924,False,0,0.0,0,0,True,OK,normal
test,20241,20241.png,229,639,3,0.35837245696400627,False,0,0.0,0,0,True,OK,normal
test,20242,20242.png,232,650,3,0.3569230769230769,False,0,0.0,0,0,True,OK,normal
test,20243,20243.png,232,640,3,0.3625,False,0,0.0,0,0,True,OK,normal
test,20244,20244.png,234,631,3,0.37083993660855785,False,0,0.0,0,0,True,OK,normal
test,20245,20245.png,234,648,3,0.3611111111111111,False,0,0.0,0,0,True,OK,normal
test,20246,20246.png,224,634,3,0.35331230283911674,True,1383,0.9738339342045966,1,1383,True,OK,small
test,20247,20247.png,230,639,3,0.3599374021909233,False,0,0.0,0,0,True,OK,normal
test,20248,20248.png,233,642,3,0.3629283489096573,False,0,0.0,0,0,True,OK,normal
test,20249,20249.png,236,640,3,0.36875,False,0,0.0,0,0,True,OK,normal
test,20250,20250.png,226,641,3,0.35257410296411856,False,0,0.0,0,0,True,OK,normal
test,20251,20251.png,230,639,3,0.3599374021909233,False,0,0.0,0,0,True,OK,normal
test,20252,20252.png,232,639,3,0.36306729264475746,False,0,0.0,0,0,True,OK,normal
test,20253,20253.png,232,636,3,0.36477987421383645,False,0,0.0,0,0,True,OK,normal
test,20254,20254.png,229,633,3,0.3617693522906793,False,0,0.0,0,0,True,OK,normal
test,20255,20255.png,222,624,3,0.3557692307692308,False,0,0.0,0,0,True,OK,normal
test,20256,20256.png,216,620,3,0.34838709677419355,False,0,0.0,0,0,True,OK,normal
test,20257,20257.png,229,641,3,0.35725429017160687,False,0,0.0,0,0,True,OK,normal
test,20258,20258.png,232,642,3,0.3613707165109034,False,0,0.0,0,0,True,OK,normal
test,20259,20259.png,227,628,3,0.3614649681528662,True,323,0.22657762563483824,1,323,True,OK,small
test,20260,20260.png,224,639,3,0.350547730829421,False,0,0.0,0,0,True,OK,normal
test,20261,20261.png,231,631,3,0.36608557844690964,False,0,0.0,0,0,True,OK,normal
test,20262,20262.png,231,638,3,0.3620689655172414,False,0,0.0,0,0,True,OK,normal
test,20263,20263.png,235,640,3,0.3671875,False,0,0.0,0,0,True,OK,normal
test,20264,20264.png,228,629,3,0.3624801271860095,True,3473,2.421694139960394,1,3473,True,OK,medium
test,20265,20265.png,202,622,3,0.3247588424437299,False,0,0.0,0,0,True,OK,normal
test,20266,20266.png,233,657,3,0.3546423135464231,False,0,0.0,0,0,True,OK,normal
test,20267,20267.png,229,634,3,0.361198738170347,False,0,0.0,0,0,True,OK,normal
test,20268,20268.png,225,631,3,0.35657686212361334,False,0,0.0,0,0,True,OK,normal
test,20269,20269.png,230,637,3,0.36106750392464676,False,0,0.0,0,0,True,OK,normal
test,20270,20270.png,226,631,3,0.358161648177496,False,0,0.0,0,0,True,OK,normal
test,20271,20271.png,232,648,3,0.35802469135802467,False,0,0.0,0,0,True,OK,normal
test,20272,20272.png,237,634,3,0.37381703470031546,False,0,0.0,0,0,True,OK,normal
test,20273,20273.png,235,632,3,0.37183544303797467,False,0,0.0,0,0,True,OK,normal
test,20274,20274.png,230,643,3,0.35769828926905134,False,0,0.0,0,0,True,OK,normal
test,20275,20275.png,236,636,3,0.3710691823899371,True,228,0.15190278221937958,1,228,True,OK,small
test,20276,20276.png,227,636,3,0.35691823899371067,False,0,0.0,0,0,True,OK,normal
test,20277,20277.png,232,645,3,0.35968992248062015,False,0,0.0,0,0,True,OK,normal
test,20278,20278.png,232,632,3,0.3670886075949367,False,0,0.0,0,0,True,OK,normal
test,20279,20279.png,226,638,3,0.3542319749216301,False,0,0.0,0,0,True,OK,normal
test,20280,20280.png,230,645,3,0.35658914728682173,False,0,0.0,0,0,True,OK,normal
test,20281,20281.png,229,651,3,0.35176651305683565,True,2181,1.4629827138631195,1,2181,True,OK,medium
test,20282,20282.png,224,640,3,0.35,False,0,0.0,0,0,True,OK,normal
test,20283,20283.png,231,645,3,0.3581395348837209,False,0,0.0,0,0,True,OK,normal
test,20284,20284.png,231,637,3,0.3626373626373626,False,0,0.0,0,0,True,OK,normal
test,20285,20285.png,231,643,3,0.359253499222395,False,0,0.0,0,0,True,OK,normal
test,20286,20286.png,227,634,3,0.3580441640378549,False,0,0.0,0,0,True,OK,normal
test,20287,20287.png,228,633,3,0.36018957345971564,False,0,0.0,0,0,True,OK,normal
test,20288,20288.png,235,639,3,0.3677621283255086,False,0,0.0,0,0,True,OK,normal
test,20289,20289.png,230,636,3,0.36163522012578614,False,0,0.0,0,0,True,OK,normal
test,20290,20290.png,233,629,3,0.37042925278219396,False,0,0.0,0,0,True,OK,normal
test,20291,20291.png,229,627,3,0.3652312599681021,False,0,0.0,0,0,True,OK,normal
test,20292,20292.png,225,632,3,0.3560126582278481,False,0,0.0,0,0,True,OK,normal
test,20293,20293.png,231,640,3,0.3609375,False,0,0.0,0,0,True,OK,normal
test,20294,20294.png,232,635,3,0.3653543307086614,False,0,0.0,0,0,True,OK,normal
test,20295,20295.png,228,636,3,0.3584905660377358,True,1239,0.8544356173452499,1,1239,True,OK,small
test,20296,20296.png,230,640,3,0.359375,False,0,0.0,0,0,True,OK,normal
test,20297,20297.png,237,642,3,0.3691588785046729,True,401,0.2635487729537179,1,401,True,OK,small
test,20298,20298.png,226,640,3,0.353125,False,0,0.0,0,0,True,OK,normal
test,20299,20299.png,231,630,3,0.36666666666666664,False,0,0.0,0,0,True,OK,normal
test,20300,20300.png,227,637,3,0.3563579277864992,False,0,0.0,0,0,True,OK,normal
test,20301,20301.png,230,640,3,0.359375,False,0,0.0,0,0,True,OK,normal
test,20302,20302.png,231,641,3,0.36037441497659906,False,0,0.0,0,0,True,OK,normal
test,20303,20303.png,223,637,3,0.3500784929356358,False,0,0.0,0,0,True,OK,normal
test,20304,20304.png,228,640,3,0.35625,False,0,0.0,0,0,True,OK,normal
test,20305,20305.png,230,645,3,0.35658914728682173,False,0,0.0,0,0,True,OK,normal
test,20306,20306.png,229,631,3,0.3629160063391442,False,0,0.0,0,0,True,OK,normal
test,20307,20307.png,234,638,3,0.3667711598746082,False,0,0.0,0,0,True,OK,normal
test,20308,20308.png,229,631,3,0.3629160063391442,False,0,0.0,0,0,True,OK,normal
test,20309,20309.png,224,639,3,0.350547730829421,False,0,0.0,0,0,True,OK,normal
test,20310,20310.png,231,646,3,0.35758513931888547,False,0,0.0,0,0,True,OK,normal
test,20311,20311.png,235,644,3,0.36490683229813664,False,0,0.0,0,0,True,OK,normal
test,20312,20312.png,230,636,3,0.36163522012578614,False,0,0.0,0,0,True,OK,normal
test,20313,20313.png,231,635,3,0.3637795275590551,False,0,0.0,0,0,True,OK,normal
test,20314,20314.png,232,647,3,0.35857805255023184,False,0,0.0,0,0,True,OK,normal
test,20315,20315.png,233,640,3,0.3640625,False,0,0.0,0,0,True,OK,normal
test,20316,20316.png,230,643,3,0.35769828926905134,False,0,0.0,0,0,True,OK,normal
test,20317,20317.png,234,638,3,0.3667711598746082,False,0,0.0,0,0,True,OK,normal
test,20318,20318.png,228,636,3,0.3584905660377358,False,0,0.0,0,0,True,OK,normal
test,20319,20319.png,229,639,3,0.35837245696400627,True,1084,0.7407862995537514,1,1084,True,OK,small
test,20320,20320.png,233,638,3,0.3652037617554859,False,0,0.0,0,0,True,OK,normal
test,20321,20321.png,235,633,3,0.3712480252764613,False,0,0.0,0,0,True,OK,normal
test,20322,20322.png,229,609,3,0.3760262725779967,False,0,0.0,0,0,True,OK,normal
test,20323,20323.png,235,630,3,0.373015873015873,False,0,0.0,0,0,True,OK,normal
test,20324,20324.png,228,636,3,0.3584905660377358,False,0,0.0,0,0,True,OK,normal
test,20325,20325.png,233,640,3,0.3640625,False,0,0.0,0,0,True,OK,normal
test,20326,20326.png,232,632,3,0.3670886075949367,False,0,0.0,0,0,True,OK,normal
test,20327,20327.png,228,645,3,0.35348837209302325,False,0,0.0,0,0,True,OK,normal
test,20328,20328.png,234,639,3,0.36619718309859156,False,0,0.0,0,0,True,OK,normal
test,20329,20329.png,228,640,3,0.35625,False,0,0.0,0,0,True,OK,normal
test,20330,20330.png,231,637,3,0.3626373626373626,False,0,0.0,0,0,True,OK,normal
test,20331,20331.png,230,644,3,0.35714285714285715,False,0,0.0,0,0,True,OK,normal
test,20332,20332.png,236,636,3,0.3710691823899371,False,0,0.0,0,0,True,OK,normal
test,20333,20333.png,230,635,3,0.36220472440944884,False,0,0.0,0,0,True,OK,normal
test,20334,20334.png,229,635,3,0.3606299212598425,True,5417,3.725200288828525,1,5417,True,OK,large
test,20335,20335.png,229,640,3,0.3578125,False,0,0.0,0,0,True,OK,normal
test,20336,20336.png,227,633,3,0.358609794628752,False,0,0.0,0,0,True,OK,normal
test,20337,20337.png,232,632,3,0.3670886075949367,False,0,0.0,0,0,True,OK,normal
test,20338,20338.png,230,632,3,0.3639240506329114,False,0,0.0,0,0,True,OK,normal
test,20339,20339.png,232,639,3,0.36306729264475746,False,0,0.0,0,0,True,OK,normal
test,20340,20340.png,231,636,3,0.3632075471698113,False,0,0.0,0,0,True,OK,normal
test,20341,20341.png,227,635,3,0.35748031496062993,False,0,0.0,0,0,True,OK,normal
test,20342,20342.png,228,630,3,0.3619047619047619,False,0,0.0,0,0,True,OK,normal
test,20343,20343.png,232,634,3,0.3659305993690852,False,0,0.0,0,0,True,OK,normal
test,20344,20344.png,232,640,3,0.3625,False,0,0.0,0,0,True,OK,normal
test,20345,20345.png,234,636,3,0.36792452830188677,False,0,0.0,0,0,True,OK,normal
test,20346,20346.png,225,640,3,0.3515625,False,0,0.0,0,0,True,OK,normal
test,20347,20347.png,238,642,3,0.3707165109034268,False,0,0.0,0,0,True,OK,normal
test,20348,20348.png,235,630,3,0.373015873015873,False,0,0.0,0,0,True,OK,normal
test,20349,20349.png,228,636,3,0.3584905660377358,False,0,0.0,0,0,True,OK,normal
test,20350,20350.png,228,642,3,0.35514018691588783,False,0,0.0,0,0,True,OK,normal
test,20351,20351.png,232,646,3,0.3591331269349845,False,0,0.0,0,0,True,OK,normal
test,20352,20352.png,233,635,3,0.3669291338582677,False,0,0.0,0,0,True,OK,normal
test,20353,20353.png,234,644,3,0.36335403726708076,False,0,0.0,0,0,True,OK,normal
test,20354,20354.png,234,633,3,0.3696682464454976,False,0,0.0,0,0,True,OK,normal
test,20355,20355.png,232,637,3,0.3642072213500785,False,0,0.0,0,0,True,OK,normal
test,20356,20356.png,228,638,3,0.3573667711598746,False,0,0.0,0,0,True,OK,normal
test,20357,20357.png,235,642,3,0.3660436137071651,False,0,0.0,0,0,True,OK,normal
test,20358,20358.png,230,641,3,0.358814352574103,False,0,0.0,0,0,True,OK,normal
test,20359,20359.png,228,637,3,0.3579277864992151,False,0,0.0,0,0,True,OK,normal
test,20360,20360.png,230,637,3,0.36106750392464676,False,0,0.0,0,0,True,OK,normal
test,20361,20361.png,227,637,3,0.3563579277864992,False,0,0.0,0,0,True,OK,normal
test,20362,20362.png,235,648,3,0.3626543209876543,False,0,0.0,0,0,True,OK,normal
test,20363,20363.png,231,648,3,0.35648148148148145,False,0,0.0,0,0,True,OK,normal
test,20364,20364.png,231,630,3,0.36666666666666664,False,0,0.0,0,0,True,OK,normal
test,20365,20365.png,230,634,3,0.3627760252365931,False,0,0.0,0,0,True,OK,normal
test,20366,20366.png,231,641,3,0.36037441497659906,False,0,0.0,0,0,True,OK,normal
test,20367,20367.png,231,635,3,0.3637795275590551,False,0,0.0,0,0,True,OK,normal
test,20368,20368.png,227,637,3,0.3563579277864992,False,0,0.0,0,0,True,OK,normal
test,20369,20369.png,235,642,3,0.3660436137071651,False,0,0.0,0,0,True,OK,normal
test,20370,20370.png,229,639,3,0.35837245696400627,False,0,0.0,0,0,True,OK,normal
test,20371,20371.png,237,648,3,0.36574074074074076,False,0,0.0,0,0,True,OK,normal
test,20372,20372.png,223,638,3,0.3495297805642633,False,0,0.0,0,0,True,OK,normal
test,20373,20373.png,223,630,3,0.353968253968254,False,0,0.0,0,0,True,OK,normal
test,20374,20374.png,228,628,3,0.3630573248407643,False,0,0.0,0,0,True,OK,normal
test,20375,20375.png,228,632,3,0.36075949367088606,False,0,0.0,0,0,True,OK,normal
test,20376,20376.png,237,646,3,0.3668730650154799,False,0,0.0,0,0,True,OK,normal
test,20377,20377.png,227,638,3,0.3557993730407524,False,0,0.0,0,0,True,OK,normal
test,20378,20378.png,232,640,3,0.3625,True,3296,2.2198275862068964,1,3296,True,OK,medium
test,20379,20379.png,227,632,3,0.35917721518987344,False,0,0.0,0,0,True,OK,normal
test,20380,20380.png,233,637,3,0.36577708006279436,False,0,0.0,0,0,True,OK,normal
test,20381,20381.png,231,642,3,0.3598130841121495,False,0,0.0,0,0,True,OK,normal
test,20382,20382.png,228,638,3,0.3573667711598746,False,0,0.0,0,0,True,OK,normal
test,20383,20383.png,227,638,3,0.3557993730407524,False,0,0.0,0,0,True,OK,normal
test,20384,20384.png,230,639,3,0.3599374021909233,False,0,0.0,0,0,True,OK,normal
test,20385,20385.png,230,638,3,0.3605015673981191,False,0,0.0,0,0,True,OK,normal
test,20386,20386.png,227,634,3,0.3580441640378549,False,0,0.0,0,0,True,OK,normal
test,20387,20387.png,227,639,3,0.35524256651017216,False,0,0.0,0,0,True,OK,normal
test,20388,20388.png,231,641,3,0.36037441497659906,False,0,0.0,0,0,True,OK,normal
test,20389,20389.png,233,638,3,0.3652037617554859,False,0,0.0,0,0,True,OK,normal
test,20390,20390.png,235,637,3,0.36891679748822603,False,0,0.0,0,0,True,OK,normal
test,20391,20391.png,227,631,3,0.35974643423137875,False,0,0.0,0,0,True,OK,normal
test,20392,20392.png,231,640,3,0.3609375,True,7626,5.158279220779221,1,7626,True,OK,large
test,20393,20393.png,226,631,3,0.358161648177496,False,0,0.0,0,0,True,OK,normal
test,20394,20394.png,233,651,3,0.3579109062980031,False,0,0.0,0,0,True,OK,normal
test,20395,20395.png,225,635,3,0.3543307086614173,False,0,0.0,0,0,True,OK,normal
test,20396,20396.png,232,632,3,0.3670886075949367,False,0,0.0,0,0,True,OK,normal
test,20397,20397.png,208,636,3,0.3270440251572327,False,0,0.0,0,0,True,OK,normal
test,20398,20398.png,229,629,3,0.3640699523052464,False,0,0.0,0,0,True,OK,normal
test,20399,20399.png,228,637,3,0.3579277864992151,False,0,0.0,0,0,True,OK,normal
test,20400,20400.png,231,637,3,0.3626373626373626,False,0,0.0,0,0,True,OK,normal
test,20401,20401.png,231,642,3,0.3598130841121495,False,0,0.0,0,0,True,OK,normal
test,20402,20402.png,226,642,3,0.35202492211838005,False,0,0.0,0,0,True,OK,normal
test,20403,20403.png,228,636,3,0.3584905660377358,True,14951,10.310465629482511,1,14951,True,OK,large
test,20404,20404.png,229,639,3,0.35837245696400627,False,0,0.0,0,0,True,OK,normal
test,20405,20405.png,231,645,3,0.3581395348837209,False,0,0.0,0,0,True,OK,normal
test,20406,20406.png,230,639,3,0.3599374021909233,False,0,0.0,0,0,True,OK,normal
test,20407,20407.png,236,641,3,0.36817472698907955,False,0,0.0,0,0,True,OK,normal
test,20408,20408.png,227,621,3,0.36553945249597425,False,0,0.0,0,0,True,OK,normal
test,20409,20409.png,228,641,3,0.35569422776911075,False,0,0.0,0,0,True,OK,normal
test,20410,20410.png,235,632,3,0.37183544303797467,False,0,0.0,0,0,True,OK,normal
test,20411,20411.png,227,644,3,0.35248447204968947,False,0,0.0,0,0,True,OK,normal
test,20412,20412.png,228,641,3,0.35569422776911075,False,0,0.0,0,0,True,OK,normal
test,20413,20413.png,228,644,3,0.35403726708074534,False,0,0.0,0,0,True,OK,normal
test,20414,20414.png,231,644,3,0.358695652173913,False,0,0.0,0,0,True,OK,normal
test,20415,20415.png,233,641,3,0.36349453978159124,False,0,0.0,0,0,True,OK,normal
test,20416,20416.png,222,625,3,0.3552,True,13817,9.958198198198199,1,13817,True,OK,large
test,20417,20417.png,228,633,3,0.36018957345971564,False,0,0.0,0,0,True,OK,normal
test,20418,20418.png,234,635,3,0.36850393700787404,False,0,0.0,0,0,True,OK,normal
test,20419,20419.png,230,634,3,0.3627760252365931,False,0,0.0,0,0,True,OK,normal
test,20420,20420.png,231,640,3,0.3609375,False,0,0.0,0,0,True,OK,normal
test,20421,20421.png,232,644,3,0.36024844720496896,False,0,0.0,0,0,True,OK,normal
test,20422,20422.png,229,638,3,0.35893416927899685,False,0,0.0,0,0,True,OK,normal
test,20423,20423.png,234,630,3,0.37142857142857144,False,0,0.0,0,0,True,OK,normal
test,20424,20424.png,208,624,3,0.3333333333333333,False,0,0.0,0,0,True,OK,normal
test,20425,20425.png,227,626,3,0.36261980830670926,False,0,0.0,0,0,True,OK,normal
test,20426,20426.png,228,640,3,0.35625,True,672,0.4605263157894736,1,672,True,OK,small
test,20427,20427.png,201,632,3,0.3180379746835443,False,0,0.0,0,0,True,OK,normal
test,20428,20428.png,229,649,3,0.35285053929121724,True,1447,0.9736174564832695,1,1447,True,OK,medium
test,20429,20429.png,234,639,3,0.36619718309859156,False,0,0.0,0,0,True,OK,normal
test,20430,20430.png,229,629,3,0.3640699523052464,False,0,0.0,0,0,True,OK,normal
test,20431,20431.png,235,632,3,0.37183544303797467,False,0,0.0,0,0,True,OK,normal
test,20432,20432.png,220,641,3,0.34321372854914195,False,0,0.0,0,0,True,OK,normal
test,20433,20433.png,233,642,3,0.3629283489096573,False,0,0.0,0,0,True,OK,normal
test,20434,20434.png,228,641,3,0.35569422776911075,True,2956,2.0226072200782768,1,2956,True,OK,medium
test,20435,20435.png,228,631,3,0.3613312202852615,False,0,0.0,0,0,True,OK,normal
test,20436,20436.png,228,634,3,0.35962145110410093,False,0,0.0,0,0,True,OK,normal
test,20437,20437.png,228,635,3,0.3590551181102362,False,0,0.0,0,0,True,OK,normal
test,20438,20438.png,232,634,3,0.3659305993690852,False,0,0.0,0,0,True,OK,normal
test,20439,20439.png,227,635,3,0.35748031496062993,True,9969,6.9159526865309235,1,9969,True,OK,large
test,20440,20440.png,226,635,3,0.35590551181102364,False,0,0.0,0,0,True,OK,normal
test,20441,20441.png,231,650,3,0.3553846153846154,False,0,0.0,0,0,True,OK,normal
test,20442,20442.png,224,628,3,0.35668789808917195,False,0,0.0,0,0,True,OK,normal
test,20443,20443.png,234,648,3,0.3611111111111111,False,0,0.0,0,0,True,OK,normal
test,20444,20444.png,221,635,3,0.3480314960629921,False,0,0.0,0,0,True,OK,normal
test,20445,20445.png,232,640,3,0.3625,False,0,0.0,0,0,True,OK,normal
test,20446,20446.png,237,645,3,0.3674418604651163,False,0,0.0,0,0,True,OK,normal
test,20447,20447.png,229,632,3,0.3623417721518987,False,0,0.0,0,0,True,OK,normal
test,20448,20448.png,231,644,3,0.358695652173913,False,0,0.0,0,0,True,OK,normal
test,20449,20449.png,222,640,3,0.346875,False,0,0.0,0,0,True,OK,normal
test,20450,20450.png,222,638,3,0.34796238244514105,False,0,0.0,0,0,True,OK,normal
test,20451,20451.png,230,639,3,0.3599374021909233,False,0,0.0,0,0,True,OK,normal
test,20452,20452.png,228,642,3,0.35514018691588783,True,1344,0.9181833087391376,1,1344,True,OK,small
test,20453,20453.png,233,637,3,0.36577708006279436,False,0,0.0,0,0,True,OK,normal
test,20454,20454.png,234,642,3,0.3644859813084112,False,0,0.0,0,0,True,OK,normal
test,20455,20455.png,235,645,3,0.3643410852713178,False,0,0.0,0,0,True,OK,normal
test,20456,20456.png,235,639,3,0.3677621283255086,False,0,0.0,0,0,True,OK,normal
test,20457,20457.png,232,631,3,0.3676703645007924,True,9244,6.31455270779824,1,9244,True,OK,large
test,20458,20458.png,234,645,3,0.3627906976744186,False,0,0.0,0,0,True,OK,normal
test,20459,20459.png,232,644,3,0.36024844720496896,False,0,0.0,0,0,True,OK,normal
test,20460,20460.png,237,643,3,0.36858475894245724,False,0,0.0,0,0,True,OK,normal
test,20461,20461.png,234,639,3,0.36619718309859156,False,0,0.0,0,0,True,OK,normal
test,20462,20462.png,226,640,3,0.353125,False,0,0.0,0,0,True,OK,normal
test,20463,20463.png,230,638,3,0.3605015673981191,False,0,0.0,0,0,True,OK,normal
test,20464,20464.png,222,633,3,0.35071090047393366,False,0,0.0,0,0,True,OK,normal
test,20465,20465.png,212,633,3,0.334913112164297,True,5111,3.8086083042713645,1,5111,True,OK,large
test,20466,20466.png,233,643,3,0.36236391912908245,False,0,0.0,0,0,True,OK,normal
test,20467,20467.png,223,624,3,0.3573717948717949,False,0,0.0,0,0,True,OK,normal
test,20468,20468.png,236,642,3,0.367601246105919,False,0,0.0,0,0,True,OK,normal
test,20469,20469.png,225,638,3,0.35266457680250785,False,0,0.0,0,0,True,OK,normal
test,20470,20470.png,234,645,3,0.3627906976744186,False,0,0.0,0,0,True,OK,normal
test,20471,20471.png,227,632,3,0.35917721518987344,False,0,0.0,0,0,True,OK,normal
test,20472,20472.png,233,637,3,0.36577708006279436,False,0,0.0,0,0,True,OK,normal
test,20473,20473.png,233,638,3,0.3652037617554859,False,0,0.0,0,0,True,OK,normal
test,20474,20474.png,229,637,3,0.35949764521193095,False,0,0.0,0,0,True,OK,normal
test,20475,20475.png,230,631,3,0.36450079239302696,False,0,0.0,0,0,True,OK,normal
test,20476,20476.png,227,634,3,0.3580441640378549,False,0,0.0,0,0,True,OK,normal
test,20477,20477.png,229,634,3,0.361198738170347,False,0,0.0,0,0,True,OK,normal
test,20478,20478.png,233,647,3,0.3601236476043277,False,0,0.0,0,0,True,OK,normal
test,20479,20479.png,227,635,3,0.35748031496062993,False,0,0.0,0,0,True,OK,normal
test,20480,20480.png,236,642,3,0.367601246105919,False,0,0.0,0,0,True,OK,normal
test,20481,20481.png,232,648,3,0.35802469135802467,False,0,0.0,0,0,True,OK,normal
test,20482,20482.png,228,632,3,0.36075949367088606,False,0,0.0,0,0,True,OK,normal
test,20483,20483.png,231,639,3,0.3615023474178404,False,0,0.0,0,0,True,OK,normal
test,20484,20484.png,230,635,3,0.36220472440944884,False,0,0.0,0,0,True,OK,normal
test,20485,20485.png,234,644,3,0.36335403726708076,False,0,0.0,0,0,True,OK,normal
test,20486,20486.png,228,635,3,0.3590551181102362,True,1576,1.0885481420085648,1,1576,True,OK,medium
test,20487,20487.png,234,639,3,0.36619718309859156,True,1281,0.8567071947353637,1,1281,True,OK,small
test,20488,20488.png,232,646,3,0.3591331269349845,False,0,0.0,0,0,True,OK,normal
test,20489,20489.png,227,633,3,0.358609794628752,False,0,0.0,0,0,True,OK,normal
test,20490,20490.png,228,641,3,0.35569422776911075,False,0,0.0,0,0,True,OK,normal
test,20491,20491.png,222,628,3,0.3535031847133758,False,0,0.0,0,0,True,OK,normal
test,20492,20492.png,226,633,3,0.3570300157977883,False,0,0.0,0,0,True,OK,normal
test,20493,20493.png,234,646,3,0.3622291021671827,False,0,0.0,0,0,True,OK,normal
test,20494,20494.png,231,643,3,0.359253499222395,False,0,0.0,0,0,True,OK,normal
test,20495,20495.png,227,629,3,0.36089030206677264,False,0,0.0,0,0,True,OK,normal
test,20496,20496.png,231,635,3,0.3637795275590551,False,0,0.0,0,0,True,OK,normal
test,20497,20497.png,228,644,3,0.35403726708074534,False,0,0.0,0,0,True,OK,normal
test,20498,20498.png,232,639,3,0.36306729264475746,False,0,0.0,0,0,True,OK,normal
test,20499,20499.png,227,636,3,0.35691823899371067,False,0,0.0,0,0,True,OK,normal
test,20500,20500.png,228,639,3,0.3568075117370892,False,0,0.0,0,0,True,OK,normal
test,20501,20501.png,223,629,3,0.35453100158982515,False,0,0.0,0,0,True,OK,normal
test,20502,20502.png,236,637,3,0.3704866562009419,True,17570,11.687465077295586,1,17570,True,OK,large
test,20503,20503.png,230,640,3,0.359375,False,0,0.0,0,0,True,OK,normal
test,20504,20504.png,234,634,3,0.36908517350157727,False,0,0.0,0,0,True,OK,normal
test,20505,20505.png,228,630,3,0.3619047619047619,False,0,0.0,0,0,True,OK,normal
test,20506,20506.png,221,638,3,0.3463949843260188,False,0,0.0,0,0,True,OK,normal
test,20507,20507.png,225,635,3,0.3543307086614173,False,0,0.0,0,0,True,OK,normal
test,20508,20508.png,230,634,3,0.3627760252365931,False,0,0.0,0,0,True,OK,normal
test,20509,20509.png,230,633,3,0.36334913112164297,False,0,0.0,0,0,True,OK,normal
test,20510,20510.png,231,642,3,0.3598130841121495,False,0,0.0,0,0,True,OK,normal
test,20511,20511.png,223,643,3,0.3468118195956454,False,0,0.0,0,0,True,OK,normal
test,20512,20512.png,226,634,3,0.35646687697160884,False,0,0.0,0,0,True,OK,normal
test,20513,20513.png,222,628,3,0.3535031847133758,False,0,0.0,0,0,True,OK,normal
test,20514,20514.png,229,634,3,0.361198738170347,False,0,0.0,0,0,True,OK,normal
test,20515,20515.png,230,640,3,0.359375,False,0,0.0,0,0,True,OK,normal
test,20516,20516.png,232,637,3,0.3642072213500785,False,0,0.0,0,0,True,OK,normal
test,20517,20517.png,233,638,3,0.3652037617554859,True,7801,5.247756535310184,1,7801,True,OK,large
test,20518,20518.png,236,645,3,0.36589147286821705,False,0,0.0,0,0,True,OK,normal
test,20519,20519.png,227,636,3,0.35691823899371067,False,0,0.0,0,0,True,OK,normal
test,20520,20520.png,226,639,3,0.3536776212832551,False,0,0.0,0,0,True,OK,normal
test,20521,20521.png,229,638,3,0.35893416927899685,False,0,0.0,0,0,True,OK,normal
test,20522,20522.png,232,640,3,0.3625,False,0,0.0,0,0,True,OK,normal
test,20523,20523.png,230,642,3,0.3582554517133956,True,951,0.6440471353108492,1,951,True,OK,small
test,20524,20524.png,229,640,3,0.3578125,False,0,0.0,0,0,True,OK,normal
test,20525,20525.png,224,641,3,0.3494539781591264,False,0,0.0,0,0,True,OK,normal
test,20526,20526.png,227,635,3,0.35748031496062993,False,0,0.0,0,0,True,OK,normal
test,20527,20527.png,241,636,3,0.3789308176100629,False,0,0.0,0,0,True,OK,normal
test,20528,20528.png,226,631,3,0.358161648177496,False,0,0.0,0,0,True,OK,normal
test,20529,20529.png,226,640,3,0.353125,False,0,0.0,0,0,True,OK,normal
test,20530,20530.png,234,650,3,0.36,False,0,0.0,0,0,True,OK,normal
test,20531,20531.png,234,643,3,0.36391912908242613,False,0,0.0,0,0,True,OK,normal
test,20532,20532.png,231,614,3,0.3762214983713355,False,0,0.0,0,0,True,OK,normal
test,20533,20533.png,230,630,3,0.36507936507936506,False,0,0.0,0,0,True,OK,normal
test,20534,20534.png,233,639,3,0.3646322378716745,False,0,0.0,0,0,True,OK,normal
test,20535,20535.png,227,641,3,0.3541341653666147,True,3504,2.408131567553451,1,3504,True,OK,medium
test,20536,20536.png,234,643,3,0.36391912908242613,False,0,0.0,0,0,True,OK,normal
test,20537,20537.png,232,649,3,0.3574730354391371,False,0,0.0,0,0,True,OK,normal
test,20538,20538.png,230,638,3,0.3605015673981191,False,0,0.0,0,0,True,OK,normal
test,20539,20539.png,227,644,3,0.35248447204968947,False,0,0.0,0,0,True,OK,normal
test,20540,20540.png,229,630,3,0.3634920634920635,False,0,0.0,0,0,True,OK,normal
test,20541,20541.png,233,638,3,0.3652037617554859,False,0,0.0,0,0,True,OK,normal
test,20542,20542.png,228,628,3,0.3630573248407643,False,0,0.0,0,0,True,OK,normal
test,20543,20543.png,233,636,3,0.3663522012578616,True,609,0.4109644505627986,1,609,True,OK,small
test,20544,20544.png,230,648,3,0.3549382716049383,True,199,0.13352120236178208,1,199,True,OK,small
test,20545,20545.png,224,629,3,0.356120826709062,False,0,0.0,0,0,True,OK,normal
test,20546,20546.png,232,640,3,0.3625,True,358,0.24110991379310345,1,358,True,OK,small
test,20547,20547.png,225,646,3,0.34829721362229105,False,0,0.0,0,0,True,OK,normal
test,20548,20548.png,226,634,3,0.35646687697160884,False,0,0.0,0,0,True,OK,normal
test,20549,20549.png,232,649,3,0.3574730354391371,False,0,0.0,0,0,True,OK,normal
test,20550,20550.png,225,644,3,0.34937888198757766,False,0,0.0,0,0,True,OK,normal
test,20551,20551.png,232,641,3,0.3619344773790952,False,0,0.0,0,0,True,OK,normal
test,20552,20552.png,232,634,3,0.3659305993690852,False,0,0.0,0,0,True,OK,normal
test,20553,20553.png,234,641,3,0.36505460218408736,False,0,0.0,0,0,True,OK,normal
test,20554,20554.png,232,641,3,0.3619344773790952,False,0,0.0,0,0,True,OK,normal
test,20555,20555.png,229,629,3,0.3640699523052464,False,0,0.0,0,0,True,OK,normal
test,20556,20556.png,228,627,3,0.36363636363636365,False,0,0.0,0,0,True,OK,normal
test,20557,20557.png,237,631,3,0.375594294770206,False,0,0.0,0,0,True,OK,normal
test,20558,20558.png,227,630,3,0.3603174603174603,False,0,0.0,0,0,True,OK,normal
test,20559,20559.png,228,640,3,0.35625,False,0,0.0,0,0,True,OK,normal
test,20560,20560.png,227,627,3,0.3620414673046252,False,0,0.0,0,0,True,OK,normal
test,20561,20561.png,232,637,3,0.3642072213500785,True,4131,2.7952958371677585,1,4131,True,OK,large
test,20562,20562.png,236,640,3,0.36875,False,0,0.0,0,0,True,OK,normal
test,20563,20563.png,227,639,3,0.35524256651017216,False,0,0.0,0,0,True,OK,normal
test,20564,20564.png,227,629,3,0.36089030206677264,True,668,0.4678428104186072,1,668,True,OK,small
test,20565,20565.png,226,640,3,0.353125,False,0,0.0,0,0,True,OK,normal
test,20566,20566.png,226,634,3,0.35646687697160884,False,0,0.0,0,0,True,OK,normal
test,20567,20567.png,231,634,3,0.3643533123028391,False,0,0.0,0,0,True,OK,normal
test,20568,20568.png,227,632,3,0.35917721518987344,False,0,0.0,0,0,True,OK,normal
test,20569,20569.png,227,635,3,0.35748031496062993,False,0,0.0,0,0,True,OK,normal
test,20570,20570.png,226,629,3,0.35930047694753575,False,0,0.0,0,0,True,OK,normal
test,20571,20571.png,232,636,3,0.36477987421383645,False,0,0.0,0,0,True,OK,normal
test,20572,20572.png,224,627,3,0.3572567783094099,False,0,0.0,0,0,True,OK,normal
test,20573,20573.png,223,632,3,0.3528481012658228,False,0,0.0,0,0,True,OK,normal
test,20574,20574.png,230,631,3,0.36450079239302696,False,0,0.0,0,0,True,OK,normal
test,20575,20575.png,228,646,3,0.35294117647058826,False,0,0.0,0,0,True,OK,normal
test,20576,20576.png,233,637,3,0.36577708006279436,False,0,0.0,0,0,True,OK,normal
test,20577,20577.png,230,636,3,0.36163522012578614,False,0,0.0,0,0,True,OK,normal
test,20578,20578.png,230,634,3,0.3627760252365931,False,0,0.0,0,0,True,OK,normal
test,20579,20579.png,232,642,3,0.3613707165109034,False,0,0.0,0,0,True,OK,normal
test,20580,20580.png,237,635,3,0.3732283464566929,False,0,0.0,0,0,True,OK,normal
test,20581,20581.png,226,639,3,0.3536776212832551,False,0,0.0,0,0,True,OK,normal
test,20582,20582.png,228,641,3,0.35569422776911075,False,0,0.0,0,0,True,OK,normal
test,20583,20583.png,226,640,3,0.353125,False,0,0.0,0,0,True,OK,normal
test,20584,20584.png,226,636,3,0.3553459119496855,False,0,0.0,0,0,True,OK,normal
test,20585,20585.png,225,647,3,0.34775888717156106,False,0,0.0,0,0,True,OK,normal
test,20586,20586.png,235,641,3,0.3666146645865835,False,0,0.0,0,0,True,OK,normal
test,20587,20587.png,237,637,3,0.37205651491365777,True,2535,1.679152673727719,1,2535,True,OK,medium
test,20588,20588.png,236,638,3,0.36990595611285265,False,0,0.0,0,0,True,OK,normal
test,20589,20589.png,237,633,3,0.3744075829383886,False,0,0.0,0,0,True,OK,normal
test,20590,20590.png,232,641,3,0.3619344773790952,False,0,0.0,0,0,True,OK,normal
test,20591,20591.png,227,630,3,0.3603174603174603,False,0,0.0,0,0,True,OK,normal
test,20592,20592.png,232,630,3,0.3682539682539683,False,0,0.0,0,0,True,OK,normal
test,20593,20593.png,226,633,3,0.3570300157977883,False,0,0.0,0,0,True,OK,normal
test,20594,20594.png,208,634,3,0.3280757097791798,False,0,0.0,0,0,True,OK,normal
test,20595,20595.png,226,636,3,0.3553459119496855,False,0,0.0,0,0,True,OK,normal
test,20596,20596.png,220,633,3,0.34755134281200634,False,0,0.0,0,0,True,OK,normal
test,20597,20597.png,226,630,3,0.35873015873015873,False,0,0.0,0,0,True,OK,normal
test,20598,20598.png,226,628,3,0.35987261146496813,False,0,0.0,0,0,True,OK,normal
test,20599,20599.png,227,640,3,0.3546875,True,3434,2.3637114537444934,2,1945,True,OK,medium
test,20600,20600.png,233,644,3,0.36180124223602483,True,3218,2.144589875509823,1,3218,True,OK,medium
test,20601,20601.png,229,636,3,0.360062893081761,False,0,0.0,0,0,True,OK,normal
test,20602,20602.png,233,644,3,0.36180124223602483,False,0,0.0,0,0,True,OK,normal
test,20603,20603.png,238,634,3,0.3753943217665615,False,0,0.0,0,0,True,OK,normal
test,20604,20604.png,228,625,3,0.3648,False,0,0.0,0,0,True,OK,normal
test,20605,20605.png,226,638,3,0.3542319749216301,False,0,0.0,0,0,True,OK,normal
test,20606,20606.png,231,642,3,0.3598130841121495,False,0,0.0,0,0,True,OK,normal
test,20607,20607.png,235,641,3,0.3666146645865835,False,0,0.0,0,0,True,OK,normal
test,20608,20608.png,233,642,3,0.3629283489096573,False,0,0.0,0,0,True,OK,normal
test,20609,20609.png,228,639,3,0.3568075117370892,False,0,0.0,0,0,True,OK,normal
test,20610,20610.png,221,642,3,0.3442367601246106,False,0,0.0,0,0,True,OK,normal
test,20611,20611.png,233,641,3,0.36349453978159124,False,0,0.0,0,0,True,OK,normal
test,20612,20612.png,228,636,3,0.3584905660377358,False,0,0.0,0,0,True,OK,normal
test,20613,20613.png,229,636,3,0.360062893081761,False,0,0.0,0,0,True,OK,normal
test,20614,20614.png,231,634,3,0.3643533123028391,False,0,0.0,0,0,True,OK,normal
test,20615,20615.png,206,643,3,0.3203732503888025,False,0,0.0,0,0,True,OK,normal
test,20616,20616.png,228,638,3,0.3573667711598746,False,0,0.0,0,0,True,OK,normal
test,20617,20617.png,232,640,3,0.3625,False,0,0.0,0,0,True,OK,normal
test,20618,20618.png,229,638,3,0.35893416927899685,False,0,0.0,0,0,True,OK,normal
test,20619,20619.png,228,643,3,0.3545878693623639,False,0,0.0,0,0,True,OK,normal
test,20620,20620.png,227,625,3,0.3632,False,0,0.0,0,0,True,OK,normal
test,20621,20621.png,230,645,3,0.35658914728682173,False,0,0.0,0,0,True,OK,normal
test,20622,20622.png,227,628,3,0.3614649681528662,False,0,0.0,0,0,True,OK,normal
test,20623,20623.png,226,622,3,0.3633440514469453,False,0,0.0,0,0,True,OK,normal
test,20624,20624.png,232,637,3,0.3642072213500785,True,4038,2.7323661560114765,1,4038,True,OK,large
test,20625,20625.png,234,639,3,0.36619718309859156,True,3271,2.187579417626366,1,3271,True,OK,medium
test,20626,20626.png,233,640,3,0.3640625,False,0,0.0,0,0,True,OK,normal
test,20627,20627.png,236,637,3,0.3704866562009419,False,0,0.0,0,0,True,OK,normal
test,20628,20628.png,234,638,3,0.3667711598746082,False,0,0.0,0,0,True,OK,normal
test,20629,20629.png,228,643,3,0.3545878693623639,False,0,0.0,0,0,True,OK,normal
test,20630,20630.png,225,630,3,0.35714285714285715,False,0,0.0,0,0,True,OK,normal
test,20631,20631.png,226,621,3,0.3639291465378422,False,0,0.0,0,0,True,OK,normal
test,20632,20632.png,229,642,3,0.35669781931464173,True,870,0.5917642737623965,1,870,True,OK,small
test,20633,20633.png,231,641,3,0.36037441497659906,False,0,0.0,0,0,True,OK,normal
test,20634,20634.png,231,630,3,0.36666666666666664,False,0,0.0,0,0,True,OK,normal
test,20635,20635.png,231,635,3,0.3637795275590551,False,0,0.0,0,0,True,OK,normal
test,20636,20636.png,233,632,3,0.3686708860759494,False,0,0.0,0,0,True,OK,normal
test,20637,20637.png,227,651,3,0.3486943164362519,False,0,0.0,0,0,True,OK,normal
test,20638,20638.png,205,645,3,0.3178294573643411,False,0,0.0,0,0,True,OK,normal
test,20639,20639.png,227,631,3,0.35974643423137875,False,0,0.0,0,0,True,OK,normal
test,20640,20640.png,228,631,3,0.3613312202852615,True,1200,0.8340979230961715,1,1200,True,OK,small
test,20641,20641.png,226,640,3,0.353125,False,0,0.0,0,0,True,OK,normal
test,20642,20642.png,233,641,3,0.36349453978159124,False,0,0.0,0,0,True,OK,normal
test,20643,20643.png,224,633,3,0.353870458135861,False,0,0.0,0,0,True,OK,normal
test,20644,20644.png,228,637,3,0.3579277864992151,False,0,0.0,0,0,True,OK,normal
test,20645,20645.png,225,637,3,0.3532182103610675,False,0,0.0,0,0,True,OK,normal
test,20646,20646.png,226,632,3,0.3575949367088608,True,2561,1.7930155707404503,1,2561,True,OK,medium
test,20647,20647.png,233,638,3,0.3652037617554859,False,0,0.0,0,0,True,OK,normal
test,20648,20648.png,233,633,3,0.36808846761453395,False,0,0.0,0,0,True,OK,normal
test,20649,20649.png,211,628,3,0.3359872611464968,False,0,0.0,0,0,True,OK,normal
test,20650,20650.png,230,635,3,0.36220472440944884,False,0,0.0,0,0,True,OK,normal
test,20651,20651.png,236,649,3,0.36363636363636365,False,0,0.0,0,0,True,OK,normal
test,20652,20652.png,228,638,3,0.3573667711598746,False,0,0.0,0,0,True,OK,normal
test,20653,20653.png,227,637,3,0.3563579277864992,False,0,0.0,0,0,True,OK,normal
test,20654,20654.png,234,640,3,0.365625,False,0,0.0,0,0,True,OK,normal
test,20655,20655.png,231,645,3,0.3581395348837209,False,0,0.0,0,0,True,OK,normal
test,20656,20656.png,228,649,3,0.35130970724191063,False,0,0.0,0,0,True,OK,normal
test,20657,20657.png,229,635,3,0.3606299212598425,False,0,0.0,0,0,True,OK,normal
test,20658,20658.png,232,636,3,0.36477987421383645,False,0,0.0,0,0,True,OK,normal
test,20659,20659.png,230,639,3,0.3599374021909233,False,0,0.0,0,0,True,OK,normal
test,20660,20660.png,228,638,3,0.3573667711598746,True,2179,1.4979651322664027,1,2179,True,OK,medium
test,20661,20661.png,228,643,3,0.3545878693623639,False,0,0.0,0,0,True,OK,normal
test,20662,20662.png,229,631,3,0.3629160063391442,False,0,0.0,0,0,True,OK,normal
test,20663,20663.png,232,643,3,0.3608087091757387,False,0,0.0,0,0,True,OK,normal
test,20664,20664.png,230,637,3,0.36106750392464676,False,0,0.0,0,0,True,OK,normal
test,20665,20665.png,226,646,3,0.3498452012383901,True,3809,2.6089755883722843,3,2102,True,OK,large
test,20666,20666.png,232,639,3,0.36306729264475746,False,0,0.0,0,0,True,OK,normal
test,20667,20667.png,228,640,3,0.35625,True,886,0.6071820175438596,1,886,True,OK,small
test,20668,20668.png,229,633,3,0.3617693522906793,False,0,0.0,0,0,True,OK,normal
test,20669,20669.png,232,641,3,0.3619344773790952,True,6938,4.665393512292216,1,6938,True,OK,large
test,20670,20670.png,230,635,3,0.36220472440944884,False,0,0.0,0,0,True,OK,normal
test,20671,20671.png,195,630,3,0.30952380952380953,True,17763,14.45909645909646,2,10229,True,OK,large
test,20672,20672.png,231,638,3,0.3620689655172414,True,975,0.6615641411879657,1,975,True,OK,small
test,20673,20673.png,228,633,3,0.36018957345971564,False,0,0.0,0,0,True,OK,normal
test,20674,20674.png,227,633,3,0.358609794628752,False,0,0.0,0,0,True,OK,normal
test,20675,20675.png,233,634,3,0.3675078864353312,False,0,0.0,0,0,True,OK,normal
test,20676,20676.png,232,634,3,0.3659305993690852,False,0,0.0,0,0,True,OK,normal
test,20677,20677.png,228,641,3,0.35569422776911075,False,0,0.0,0,0,True,OK,normal
test,20678,20678.png,229,639,3,0.35837245696400627,False,0,0.0,0,0,True,OK,normal
test,20679,20679.png,232,631,3,0.3676703645007924,False,0,0.0,0,0,True,OK,normal
test,20680,20680.png,223,641,3,0.34789391575663026,False,0,0.0,0,0,True,OK,normal
test,20681,20681.png,228,638,3,0.3573667711598746,False,0,0.0,0,0,True,OK,normal
test,20682,20682.png,230,629,3,0.3656597774244833,True,10410,7.19568673532868,1,10410,True,OK,large
test,20683,20683.png,230,643,3,0.35769828926905134,False,0,0.0,0,0,True,OK,normal
test,20684,20684.png,231,630,3,0.36666666666666664,False,0,0.0,0,0,True,OK,normal
test,20685,20685.png,228,627,3,0.36363636363636365,True,6066,4.2432636615462105,1,6066,True,OK,large
test,20686,20686.png,232,641,3,0.3619344773790952,False,0,0.0,0,0,True,OK,normal
test,20687,20687.png,237,646,3,0.3668730650154799,False,0,0.0,0,0,True,OK,normal
test,20688,20688.png,210,640,3,0.328125,False,0,0.0,0,0,True,OK,normal
test,20689,20689.png,227,631,3,0.35974643423137875,False,0,0.0,0,0,True,OK,normal
test,20690,20690.png,229,632,3,0.3623417721518987,False,0,0.0,0,0,True,OK,normal
test,20691,20691.png,226,634,3,0.35646687697160884,False,0,0.0,0,0,True,OK,normal
test,20692,20692.png,219,629,3,0.3481717011128776,False,0,0.0,0,0,True,OK,normal
test,20693,20693.png,228,630,3,0.3619047619047619,False,0,0.0,0,0,True,OK,normal
test,20694,20694.png,225,636,3,0.35377358490566035,False,0,0.0,0,0,True,OK,normal
test,20695,20695.png,226,635,3,0.35590551181102364,False,0,0.0,0,0,True,OK,normal
test,20696,20696.png,230,642,3,0.3582554517133956,False,0,0.0,0,0,True,OK,normal
test,20697,20697.png,230,639,3,0.3599374021909233,False,0,0.0,0,0,True,OK,normal
test,20698,20698.png,226,638,3,0.3542319749216301,False,0,0.0,0,0,True,OK,normal
test,20699,20699.png,230,632,3,0.3639240506329114,False,0,0.0,0,0,True,OK,normal
test,20700,20700.png,224,625,3,0.3584,False,0,0.0,0,0,True,OK,normal
test,20701,20701.png,233,633,3,0.36808846761453395,False,0,0.0,0,0,True,OK,normal
test,20702,20702.png,228,628,3,0.3630573248407643,False,0,0.0,0,0,True,OK,normal
test,20703,20703.png,226,628,3,0.35987261146496813,False,0,0.0,0,0,True,OK,normal
test,20704,20704.png,224,632,3,0.35443037974683544,False,0,0.0,0,0,True,OK,normal
test,20705,20705.png,231,636,3,0.3632075471698113,False,0,0.0,0,0,True,OK,normal
test,20706,20706.png,233,636,3,0.3663522012578616,False,0,0.0,0,0,True,OK,normal
test,20707,20707.png,231,650,3,0.3553846153846154,False,0,0.0,0,0,True,OK,normal
test,20708,20708.png,233,640,3,0.3640625,False,0,0.0,0,0,True,OK,normal
test,20709,20709.png,232,644,3,0.36024844720496896,False,0,0.0,0,0,True,OK,normal
test,20710,20710.png,235,632,3,0.37183544303797467,False,0,0.0,0,0,True,OK,normal
test,20711,20711.png,223,633,3,0.3522906793048973,False,0,0.0,0,0,True,OK,normal
test,20712,20712.png,227,629,3,0.36089030206677264,False,0,0.0,0,0,True,OK,normal
test,20713,20713.png,234,630,3,0.37142857142857144,False,0,0.0,0,0,True,OK,normal
test,20714,20714.png,234,644,3,0.36335403726708076,False,0,0.0,0,0,True,OK,normal
test,20715,20715.png,229,638,3,0.35893416927899685,False,0,0.0,0,0,True,OK,normal
test,20716,20716.png,229,645,3,0.3550387596899225,False,0,0.0,0,0,True,OK,normal
test,20717,20717.png,225,639,3,0.352112676056338,False,0,0.0,0,0,True,OK,normal
test,20718,20718.png,229,640,3,0.3578125,False,0,0.0,0,0,True,OK,normal
test,20719,20719.png,204,641,3,0.31825273010920435,False,0,0.0,0,0,True,OK,normal
test,20720,20720.png,218,633,3,0.344391785150079,False,0,0.0,0,0,True,OK,normal
test,20721,20721.png,230,640,3,0.359375,False,0,0.0,0,0,True,OK,normal
test,20722,20722.png,231,635,3,0.3637795275590551,False,0,0.0,0,0,True,OK,normal
test,20723,20723.png,230,636,3,0.36163522012578614,False,0,0.0,0,0,True,OK,normal
test,20724,20724.png,229,639,3,0.35837245696400627,True,4172,2.8510705182087186,1,4172,True,OK,large
test,20725,20725.png,230,638,3,0.3605015673981191,False,0,0.0,0,0,True,OK,normal
test,20726,20726.png,228,633,3,0.36018957345971564,False,0,0.0,0,0,True,OK,normal
test,20727,20727.png,238,643,3,0.3701399688958009,False,0,0.0,0,0,True,OK,normal
test,20728,20728.png,236,635,3,0.3716535433070866,False,0,0.0,0,0,True,OK,normal
test,20729,20729.png,217,636,3,0.3411949685534591,False,0,0.0,0,0,True,OK,normal
test,20730,20730.png,231,642,3,0.3598130841121495,False,0,0.0,0,0,True,OK,normal
test,20731,20731.png,229,637,3,0.35949764521193095,False,0,0.0,0,0,True,OK,normal
test,20732,20732.png,226,628,3,0.35987261146496813,False,0,0.0,0,0,True,OK,normal
test,20733,20733.png,230,637,3,0.36106750392464676,False,0,0.0,0,0,True,OK,normal
test,20734,20734.png,230,629,3,0.3656597774244833,False,0,0.0,0,0,True,OK,normal
test,20735,20735.png,229,636,3,0.360062893081761,False,0,0.0,0,0,True,OK,normal
test,20736,20736.png,226,636,3,0.3553459119496855,False,0,0.0,0,0,True,OK,normal
test,20737,20737.png,229,635,3,0.3606299212598425,False,0,0.0,0,0,True,OK,normal
test,20738,20738.png,234,647,3,0.3616692426584235,True,1383,0.9134863076130465,1,1383,True,OK,small
test,20739,20739.png,232,642,3,0.3613707165109034,False,0,0.0,0,0,True,OK,normal
test,20740,20740.png,231,630,3,0.36666666666666664,False,0,0.0,0,0,True,OK,normal
test,20741,20741.png,231,634,3,0.3643533123028391,False,0,0.0,0,0,True,OK,normal
test,20742,20742.png,231,637,3,0.3626373626373626,False,0,0.0,0,0,True,OK,normal
test,20743,20743.png,231,640,3,0.3609375,False,0,0.0,0,0,True,OK,normal
test,20744,20744.png,227,640,3,0.3546875,True,2823,1.943144273127753,1,2823,True,OK,medium
test,20745,20745.png,233,642,3,0.3629283489096573,False,0,0.0,0,0,True,OK,normal
test,20746,20746.png,231,638,3,0.3620689655172414,False,0,0.0,0,0,True,OK,normal
test,20747,20747.png,226,631,3,0.358161648177496,True,1657,1.161942695258264,1,1657,True,OK,medium
test,20748,20748.png,229,627,3,0.3652312599681021,False,0,0.0,0,0,True,OK,normal
test,20749,20749.png,229,612,3,0.3741830065359477,False,0,0.0,0,0,True,OK,normal
test,20750,20750.png,231,646,3,0.35758513931888547,False,0,0.0,0,0,True,OK,normal
test,20751,20751.png,235,646,3,0.3637770897832817,False,0,0.0,0,0,True,OK,normal
test,20752,20752.png,232,641,3,0.3619344773790952,False,0,0.0,0,0,True,OK,normal
test,20753,20753.png,229,640,3,0.3578125,False,0,0.0,0,0,True,OK,normal
test,20754,20754.png,207,636,3,0.32547169811320753,True,392,0.2977546865980008,1,392,True,OK,small
test,20755,20755.png,226,633,3,0.3570300157977883,False,0,0.0,0,0,True,OK,normal
test,20756,20756.png,232,633,3,0.3665086887835703,False,0,0.0,0,0,True,OK,normal
test,20757,20757.png,232,643,3,0.3608087091757387,False,0,0.0,0,0,True,OK,normal
test,20758,20758.png,233,634,3,0.3675078864353312,False,0,0.0,0,0,True,OK,normal
test,20759,20759.png,230,638,3,0.3605015673981191,False,0,0.0,0,0,True,OK,normal
test,20760,20760.png,231,622,3,0.37138263665594856,False,0,0.0,0,0,True,OK,normal
test,20761,20761.png,233,631,3,0.3692551505546751,False,0,0.0,0,0,True,OK,normal
test,20762,20762.png,229,637,3,0.35949764521193095,False,0,0.0,0,0,True,OK,normal
test,20763,20763.png,228,645,3,0.35348837209302325,False,0,0.0,0,0,True,OK,normal
test,20764,20764.png,228,634,3,0.35962145110410093,False,0,0.0,0,0,True,OK,normal
test,20765,20765.png,228,626,3,0.36421725239616615,True,1419,0.9941987556751303,1,1419,True,OK,medium
test,20766,20766.png,233,639,3,0.3646322378716745,False,0,0.0,0,0,True,OK,normal
test,20767,20767.png,231,632,3,0.36550632911392406,False,0,0.0,0,0,True,OK,normal
test,20768,20768.png,233,638,3,0.3652037617554859,False,0,0.0,0,0,True,OK,normal
test,20769,20769.png,229,640,3,0.3578125,False,0,0.0,0,0,True,OK,normal
test,20770,20770.png,228,637,3,0.3579277864992151,False,0,0.0,0,0,True,OK,normal
test,20771,20771.png,231,641,3,0.36037441497659906,False,0,0.0,0,0,True,OK,normal
test,20772,20772.png,230,641,3,0.358814352574103,True,4250,2.8827240046123586,1,4250,True,OK,large
test,20773,20773.png,229,638,3,0.35893416927899685,False,0,0.0,0,0,True,OK,normal
test,20774,20774.png,229,636,3,0.360062893081761,False,0,0.0,0,0,True,OK,normal
test,20775,20775.png,230,645,3,0.35658914728682173,False,0,0.0,0,0,True,OK,normal
test,20776,20776.png,236,643,3,0.36702954898911355,False,0,0.0,0,0,True,OK,normal
test,20777,20777.png,233,634,3,0.3675078864353312,False,0,0.0,0,0,True,OK,normal
test,20778,20778.png,229,640,3,0.3578125,False,0,0.0,0,0,True,OK,normal
test,20779,20779.png,230,637,3,0.36106750392464676,False,0,0.0,0,0,True,OK,normal
test,20780,20780.png,236,646,3,0.3653250773993808,False,0,0.0,0,0,True,OK,normal
test,20781,20781.png,235,640,3,0.3671875,False,0,0.0,0,0,True,OK,normal
test,20782,20782.png,230,638,3,0.3605015673981191,False,0,0.0,0,0,True,OK,normal
test,20783,20783.png,232,651,3,0.3563748079877112,False,0,0.0,0,0,True,OK,normal
test,20784,20784.png,230,646,3,0.3560371517027864,True,10421,7.0137299771167045,1,10421,True,OK,large
test,20785,20785.png,227,643,3,0.35303265940902023,True,6232,4.269633669267818,1,6232,True,OK,large
test,20786,20786.png,231,641,3,0.36037441497659906,False,0,0.0,0,0,True,OK,normal
test,20787,20787.png,234,644,3,0.36335403726708076,False,0,0.0,0,0,True,OK,normal
test,20788,20788.png,227,631,3,0.35974643423137875,False,0,0.0,0,0,True,OK,normal
test,20789,20789.png,228,639,3,0.3568075117370892,False,0,0.0,0,0,True,OK,normal
test,20790,20790.png,231,637,3,0.3626373626373626,False,0,0.0,0,0,True,OK,normal
test,20791,20791.png,228,631,3,0.3613312202852615,False,0,0.0,0,0,True,OK,normal
test,20792,20792.png,229,633,3,0.3617693522906793,False,0,0.0,0,0,True,OK,normal
test,20793,20793.png,230,642,3,0.3582554517133956,False,0,0.0,0,0,True,OK,normal
test,20794,20794.png,228,632,3,0.36075949367088606,False,0,0.0,0,0,True,OK,normal
test,20795,20795.png,228,643,3,0.3545878693623639,False,0,0.0,0,0,True,OK,normal
test,20796,20796.png,229,632,3,0.3623417721518987,False,0,0.0,0,0,True,OK,normal
test,20797,20797.png,230,639,3,0.3599374021909233,False,0,0.0,0,0,True,OK,normal
test,20798,20798.png,231,630,3,0.36666666666666664,False,0,0.0,0,0,True,OK,normal
test,20799,20799.png,230,635,3,0.36220472440944884,False,0,0.0,0,0,True,OK,normal
test,20800,20800.png,231,643,3,0.359253499222395,False,0,0.0,0,0,True,OK,normal
test,20801,20801.png,227,625,3,0.3632,True,429,0.30237885462555064,1,429,True,OK,small
test,20802,20802.png,233,650,3,0.35846153846153844,False,0,0.0,0,0,True,OK,normal
test,20803,20803.png,231,636,3,0.3632075471698113,False,0,0.0,0,0,True,OK,normal
test,20804,20804.png,229,637,3,0.35949764521193095,True,8657,5.934614356323651,1,8657,True,OK,large
test,20805,20805.png,231,632,3,0.36550632911392406,False,0,0.0,0,0,True,OK,normal
test,20806,20806.png,231,639,3,0.3615023474178404,False,0,0.0,0,0,True,OK,normal
test,20807,20807.png,228,632,3,0.36075949367088606,False,0,0.0,0,0,True,OK,normal
test,20808,20808.png,225,627,3,0.3588516746411483,False,0,0.0,0,0,True,OK,normal
test,20809,20809.png,225,636,3,0.35377358490566035,False,0,0.0,0,0,True,OK,normal
test,20810,20810.png,226,632,3,0.3575949367088608,False,0,0.0,0,0,True,OK,normal
test,20811,20811.png,223,632,3,0.3528481012658228,False,0,0.0,0,0,True,OK,normal
test,20812,20812.png,230,648,3,0.3549382716049383,False,0,0.0,0,0,True,OK,normal
test,20813,20813.png,228,623,3,0.36597110754414125,False,0,0.0,0,0,True,OK,normal
test,20814,20814.png,226,627,3,0.36044657097288674,False,0,0.0,0,0,True,OK,normal
test,20815,20815.png,229,640,3,0.3578125,False,0,0.0,0,0,True,OK,normal
test,20816,20816.png,229,644,3,0.3555900621118012,True,181,0.12273183433236595,1,181,True,OK,small
test,20817,20817.png,232,634,3,0.3659305993690852,False,0,0.0,0,0,True,OK,normal
test,20818,20818.png,229,647,3,0.35394126738794435,False,0,0.0,0,0,True,OK,normal
test,20819,20819.png,221,620,3,0.3564516129032258,False,0,0.0,0,0,True,OK,normal
test,20820,20820.png,232,637,3,0.3642072213500785,False,0,0.0,0,0,True,OK,normal
test,20821,20821.png,231,641,3,0.36037441497659906,True,1300,0.8779571962099263,1,1300,True,OK,small
test,20822,20822.png,232,646,3,0.3591331269349845,False,0,0.0,0,0,True,OK,normal
test,20823,20823.png,229,639,3,0.35837245696400627,False,0,0.0,0,0,True,OK,normal
test,20824,20824.png,231,622,3,0.37138263665594856,False,0,0.0,0,0,True,OK,normal
test,20825,20825.png,226,638,3,0.3542319749216301,False,0,0.0,0,0,True,OK,normal
test,20826,20826.png,231,635,3,0.3637795275590551,False,0,0.0,0,0,True,OK,normal
test,20827,20827.png,230,641,3,0.358814352574103,True,1843,1.2500847860001358,1,1843,True,OK,medium
test,20828,20828.png,231,629,3,0.3672496025437202,False,0,0.0,0,0,True,OK,normal
test,20829,20829.png,230,614,3,0.3745928338762215,True,588,0.4163716187508852,1,588,True,OK,small
test,20830,20830.png,226,632,3,0.3575949367088608,False,0,0.0,0,0,True,OK,normal
test,20831,20831.png,230,640,3,0.359375,False,0,0.0,0,0,True,OK,normal
test,20832,20832.png,230,641,3,0.358814352574103,False,0,0.0,0,0,True,OK,normal
test,20833,20833.png,227,642,3,0.35358255451713394,False,0,0.0,0,0,True,OK,normal
test,20834,20834.png,231,633,3,0.36492890995260663,True,5484,3.7504359779241296,1,5484,True,OK,large
test,20835,20835.png,227,633,3,0.358609794628752,False,0,0.0,0,0,True,OK,normal
test,20836,20836.png,229,647,3,0.35394126738794435,False,0,0.0,0,0,True,OK,normal
test,20837,20837.png,224,638,3,0.3510971786833856,False,0,0.0,0,0,True,OK,normal
test,20838,20838.png,229,638,3,0.35893416927899685,False,0,0.0,0,0,True,OK,normal
test,20839,20839.png,225,643,3,0.3499222395023328,False,0,0.0,0,0,True,OK,normal
test,20840,20840.png,228,629,3,0.3624801271860095,False,0,0.0,0,0,True,OK,normal
test,20841,20841.png,230,637,3,0.36106750392464676,False,0,0.0,0,0,True,OK,normal
test,20842,20842.png,230,642,3,0.3582554517133956,False,0,0.0,0,0,True,OK,normal
test,20843,20843.png,230,638,3,0.3605015673981191,False,0,0.0,0,0,True,OK,normal
test,20844,20844.png,236,639,3,0.36932707355242567,False,0,0.0,0,0,True,OK,normal
test,20845,20845.png,231,642,3,0.3598130841121495,False,0,0.0,0,0,True,OK,normal
test,20846,20846.png,227,633,3,0.358609794628752,False,0,0.0,0,0,True,OK,normal
test,20847,20847.png,228,633,3,0.36018957345971564,False,0,0.0,0,0,True,OK,normal
test,20848,20848.png,231,638,3,0.3620689655172414,True,8310,5.638562064894353,1,8310,True,OK,large
test,20849,20849.png,230,639,3,0.3599374021909233,False,0,0.0,0,0,True,OK,normal
test,20850,20850.png,229,636,3,0.360062893081761,False,0,0.0,0,0,True,OK,normal
test,20851,20851.png,228,628,3,0.3630573248407643,False,0,0.0,0,0,True,OK,normal
test,20852,20852.png,229,630,3,0.3634920634920635,False,0,0.0,0,0,True,OK,normal
test,20853,20853.png,227,638,3,0.3557993730407524,False,0,0.0,0,0,True,OK,normal
test,20854,20854.png,227,626,3,0.36261980830670926,False,0,0.0,0,0,True,OK,normal
test,20855,20855.png,230,636,3,0.36163522012578614,False,0,0.0,0,0,True,OK,normal
test,20856,20856.png,232,638,3,0.36363636363636365,False,0,0.0,0,0,True,OK,normal
test,20857,20857.png,231,646,3,0.35758513931888547,True,5224,3.5007304357149556,1,5224,True,OK,large
test,20858,20858.png,230,634,3,0.3627760252365931,False,0,0.0,0,0,True,OK,normal
test,20859,20859.png,231,643,3,0.359253499222395,False,0,0.0,0,0,True,OK,normal
test,20860,20860.png,230,654,3,0.3516819571865443,False,0,0.0,0,0,True,OK,normal
test,20861,20861.png,231,627,3,0.3684210526315789,False,0,0.0,0,0,True,OK,normal
test,20862,20862.png,230,641,3,0.358814352574103,False,0,0.0,0,0,True,OK,normal
test,20863,20863.png,232,638,3,0.36363636363636365,False,0,0.0,0,0,True,OK,normal
test,20864,20864.png,231,627,3,0.3684210526315789,False,0,0.0,0,0,True,OK,normal
test,20865,20865.png,230,639,3,0.3599374021909233,False,0,0.0,0,0,True,OK,normal
test,20866,20866.png,229,625,3,0.3664,False,0,0.0,0,0,True,OK,normal
test,20867,20867.png,230,636,3,0.36163522012578614,False,0,0.0,0,0,True,OK,normal
test,20868,20868.png,233,630,3,0.36984126984126986,False,0,0.0,0,0,True,OK,normal
test,20869,20869.png,229,640,3,0.3578125,False,0,0.0,0,0,True,OK,normal
test,20870,20870.png,230,641,3,0.358814352574103,True,5926,4.019534694431256,1,5926,True,OK,large
test,20871,20871.png,229,647,3,0.35394126738794435,False,0,0.0,0,0,True,OK,normal
test,20872,20872.png,229,631,3,0.3629160063391442,False,0,0.0,0,0,True,OK,normal
test,20873,20873.png,229,608,3,0.37664473684210525,False,0,0.0,0,0,True,OK,normal
test,20874,20874.png,230,632,3,0.3639240506329114,False,0,0.0,0,0,True,OK,normal
test,20875,20875.png,229,641,3,0.35725429017160687,False,0,0.0,0,0,True,OK,normal
test,20876,20876.png,230,634,3,0.3627760252365931,False,0,0.0,0,0,True,OK,normal
test,20877,20877.png,231,640,3,0.3609375,False,0,0.0,0,0,True,OK,normal
test,20878,20878.png,229,632,3,0.3623417721518987,False,0,0.0,0,0,True,OK,normal
test,20879,20879.png,230,627,3,0.3668261562998405,False,0,0.0,0,0,True,OK,normal
test,20880,20880.png,229,632,3,0.3623417721518987,False,0,0.0,0,0,True,OK,normal
test,20881,20881.png,228,638,3,0.3573667711598746,True,8582,5.899741516801408,1,8582,True,OK,large
test,20882,20882.png,228,615,3,0.37073170731707317,True,11973,8.53872486093282,3,8627,True,OK,large
test,20883,20883.png,228,645,3,0.35348837209302325,False,0,0.0,0,0,True,OK,normal
test,20884,20884.png,230,642,3,0.3582554517133956,True,31725,21.48516863063795,1,31725,True,OK,large
test,20885,20885.png,230,642,3,0.3582554517133956,False,0,0.0,0,0,True,OK,normal
test,20886,20886.png,229,613,3,0.3735725938009788,False,0,0.0,0,0,True,OK,normal
test,20887,20887.png,233,643,3,0.36236391912908245,False,0,0.0,0,0,True,OK,normal
test,20888,20888.png,232,638,3,0.36363636363636365,False,0,0.0,0,0,True,OK,normal
test,20889,20889.png,229,638,3,0.35893416927899685,False,0,0.0,0,0,True,OK,normal
test,20890,20890.png,228,639,3,0.3568075117370892,False,0,0.0,0,0,True,OK,normal
test,20891,20891.png,228,635,3,0.3590551181102362,True,1073,0.7411244647050698,1,1073,True,OK,small
test,20892,20892.png,233,633,3,0.36808846761453395,True,1949,1.3214544813511517,1,1949,True,OK,medium
test,20893,20893.png,229,630,3,0.3634920634920635,False,0,0.0,0,0,True,OK,normal
test,20894,20894.png,230,638,3,0.3605015673981191,False,0,0.0,0,0,True,OK,normal
test,20895,20895.png,230,644,3,0.35714285714285715,True,1517,1.0241695922225225,1,1517,True,OK,medium
test,20896,20896.png,230,614,3,0.3745928338762215,False,0,0.0,0,0,True,OK,normal
test,20897,20897.png,229,636,3,0.360062893081761,False,0,0.0,0,0,True,OK,normal
test,20898,20898.png,207,630,3,0.32857142857142857,False,0,0.0,0,0,True,OK,normal
test,20899,20899.png,230,635,3,0.36220472440944884,False,0,0.0,0,0,True,OK,normal
test,20900,20900.png,230,640,3,0.359375,False,0,0.0,0,0,True,OK,normal
test,20901,20901.png,230,642,3,0.3582554517133956,False,0,0.0,0,0,True,OK,normal
test,20902,20902.png,229,638,3,0.35893416927899685,True,3980,2.72412424196794,2,3403,True,OK,large
test,20903,20903.png,227,640,3,0.3546875,False,0,0.0,0,0,True,OK,normal
test,20904,20904.png,230,633,3,0.36334913112164297,False,0,0.0,0,0,True,OK,normal
test,20905,20905.png,230,627,3,0.3668261562998405,False,0,0.0,0,0,True,OK,normal
test,20906,20906.png,211,632,3,0.3338607594936709,False,0,0.0,0,0,True,OK,normal
test,20907,20907.png,230,638,3,0.3605015673981191,False,0,0.0,0,0,True,OK,normal
test,20908,20908.png,229,602,3,0.3803986710963455,False,0,0.0,0,0,True,OK,normal
test,20909,20909.png,231,638,3,0.3620689655172414,False,0,0.0,0,0,True,OK,normal
test,20910,20910.png,226,629,3,0.35930047694753575,False,0,0.0,0,0,True,OK,normal
test,20911,20911.png,230,626,3,0.36741214057507987,False,0,0.0,0,0,True,OK,normal
test,20912,20912.png,229,632,3,0.3623417721518987,True,1356,0.9369299651760544,1,1356,True,OK,small
test,20913,20913.png,229,629,3,0.3640699523052464,False,0,0.0,0,0,True,OK,normal
test,20914,20914.png,230,629,3,0.3656597774244833,False,0,0.0,0,0,True,OK,normal
test,20915,20915.png,230,645,3,0.35658914728682173,False,0,0.0,0,0,True,OK,normal
test,20916,20916.png,230,637,3,0.36106750392464676,False,0,0.0,0,0,True,OK,normal
test,20917,20917.png,229,629,3,0.3640699523052464,False,0,0.0,0,0,True,OK,normal
test,20918,20918.png,229,638,3,0.35893416927899685,False,0,0.0,0,0,True,OK,normal
test,20919,20919.png,228,635,3,0.3590551181102362,False,0,0.0,0,0,True,OK,normal
test,20920,20920.png,229,622,3,0.36816720257234725,False,0,0.0,0,0,True,OK,normal
test,20921,20921.png,230,641,3,0.358814352574103,False,0,0.0,0,0,True,OK,normal
test,20922,20922.png,230,601,3,0.3826955074875208,True,2534,1.833176589741735,2,1792,True,OK,medium
test,20923,20923.png,229,637,3,0.35949764521193095,False,0,0.0,0,0,True,OK,normal
test,20924,20924.png,230,642,3,0.3582554517133956,False,0,0.0,0,0,True,OK,normal
test,20925,20925.png,230,642,3,0.3582554517133956,False,0,0.0,0,0,True,OK,normal
test,20926,20926.png,230,643,3,0.35769828926905134,False,0,0.0,0,0,True,OK,normal
test,20927,20927.png,229,633,3,0.3617693522906793,False,0,0.0,0,0,True,OK,normal
test,20928,20928.png,231,630,3,0.36666666666666664,False,0,0.0,0,0,True,OK,normal
test,20929,20929.png,228,634,3,0.35962145110410093,False,0,0.0,0,0,True,OK,normal
test,20930,20930.png,229,637,3,0.35949764521193095,False,0,0.0,0,0,True,OK,normal
test,20931,20931.png,229,626,3,0.365814696485623,False,0,0.0,0,0,True,OK,normal
test,20932,20932.png,229,620,3,0.36935483870967745,False,0,0.0,0,0,True,OK,normal
test,20933,20933.png,229,636,3,0.360062893081761,False,0,0.0,0,0,True,OK,normal
test,20934,20934.png,229,625,3,0.3664,False,0,0.0,0,0,True,OK,normal
test,20935,20935.png,227,636,3,0.35691823899371067,False,0,0.0,0,0,True,OK,normal
test,20936,20936.png,229,626,3,0.365814696485623,False,0,0.0,0,0,True,OK,normal
test,20937,20937.png,230,634,3,0.3627760252365931,False,0,0.0,0,0,True,OK,normal
test,20938,20938.png,227,618,3,0.3673139158576052,False,0,0.0,0,0,True,OK,normal
test,20939,20939.png,230,632,3,0.3639240506329114,False,0,0.0,0,0,True,OK,normal
test,20940,20940.png,227,622,3,0.364951768488746,False,0,0.0,0,0,True,OK,normal
test,20941,20941.png,231,638,3,0.3620689655172414,True,1577,1.070037590413766,1,1577,True,OK,medium
test,20942,20942.png,228,622,3,0.3665594855305466,True,294,0.2073108817058724,1,294,True,OK,small
test,20943,20943.png,217,641,3,0.33853354134165364,False,0,0.0,0,0,True,OK,normal
test,20944,20944.png,231,641,3,0.36037441497659906,False,0,0.0,0,0,True,OK,normal
test,20945,20945.png,230,626,3,0.36741214057507987,False,0,0.0,0,0,True,OK,normal
test,20946,20946.png,229,636,3,0.360062893081761,False,0,0.0,0,0,True,OK,normal
test,20947,20947.png,230,625,3,0.368,False,0,0.0,0,0,True,OK,normal
test,20948,20948.png,230,637,3,0.36106750392464676,False,0,0.0,0,0,True,OK,normal
test,20949,20949.png,229,643,3,0.3561430793157076,False,0,0.0,0,0,True,OK,normal
test,20950,20950.png,228,642,3,0.35514018691588783,False,0,0.0,0,0,True,OK,normal
test,20951,20951.png,230,649,3,0.3543913713405239,False,0,0.0,0,0,True,OK,normal
test,20952,20952.png,230,628,3,0.3662420382165605,True,9748,6.748823040708945,1,9748,True,OK,large
test,20953,20953.png,230,639,3,0.3599374021909233,False,0,0.0,0,0,True,OK,normal
test,20954,20954.png,228,600,3,0.38,False,0,0.0,0,0,True,OK,normal
test,20955,20955.png,229,644,3,0.3555900621118012,False,0,0.0,0,0,True,OK,normal
test,20956,20956.png,229,631,3,0.3629160063391442,True,2336,1.6166201842227284,1,2336,True,OK,medium
test,20957,20957.png,229,623,3,0.36757624398073835,False,0,0.0,0,0,True,OK,normal
test,20958,20958.png,229,623,3,0.36757624398073835,False,0,0.0,0,0,True,OK,normal
test,20959,20959.png,231,636,3,0.3632075471698113,True,2063,1.4042037626943287,1,2063,True,OK,medium
test,20960,20960.png,230,635,3,0.36220472440944884,False,0,0.0,0,0,True,OK,normal
test,20961,20961.png,229,639,3,0.35837245696400627,False,0,0.0,0,0,True,OK,normal
test,20962,20962.png,230,622,3,0.36977491961414793,False,0,0.0,0,0,True,OK,normal
test,20963,20963.png,232,627,3,0.3700159489633174,False,0,0.0,0,0,True,OK,normal
test,20964,20964.png,229,633,3,0.3617693522906793,False,0,0.0,0,0,True,OK,normal
test,20965,20965.png,213,639,3,0.3333333333333333,False,0,0.0,0,0,True,OK,normal
test,20966,20966.png,228,636,3,0.3584905660377358,False,0,0.0,0,0,True,OK,normal
test,20967,20967.png,229,597,3,0.38358458961474035,False,0,0.0,0,0,True,OK,normal
test,20968,20968.png,228,627,3,0.36363636363636365,False,0,0.0,0,0,True,OK,normal
test,20969,20969.png,227,619,3,0.3667205169628433,True,3390,2.4125881591027163,1,3390,True,OK,medium
test,20970,20970.png,229,637,3,0.35949764521193095,False,0,0.0,0,0,True,OK,normal
test,20971,20971.png,230,631,3,0.36450079239302696,False,0,0.0,0,0,True,OK,normal
test,20972,20972.png,230,636,3,0.36163522012578614,False,0,0.0,0,0,True,OK,normal
test,20973,20973.png,232,633,3,0.3665086887835703,False,0,0.0,0,0,True,OK,normal
test,20974,20974.png,230,625,3,0.368,False,0,0.0,0,0,True,OK,normal
test,20975,20975.png,229,636,3,0.360062893081761,False,0,0.0,0,0,True,OK,normal
test,20976,20976.png,229,639,3,0.35837245696400627,False,0,0.0,0,0,True,OK,normal
test,20977,20977.png,231,636,3,0.3632075471698113,False,0,0.0,0,0,True,OK,normal
test,20978,20978.png,229,647,3,0.35394126738794435,False,0,0.0,0,0,True,OK,normal
test,20979,20979.png,229,634,3,0.361198738170347,False,0,0.0,0,0,True,OK,normal
test,20980,20980.png,230,646,3,0.3560371517027864,False,0,0.0,0,0,True,OK,normal
test,20981,20981.png,231,650,3,0.3553846153846154,False,0,0.0,0,0,True,OK,normal
test,20982,20982.png,229,624,3,0.36698717948717946,False,0,0.0,0,0,True,OK,normal
test,20983,20983.png,230,637,3,0.36106750392464676,False,0,0.0,0,0,True,OK,normal
test,20984,20984.png,229,646,3,0.3544891640866873,False,0,0.0,0,0,True,OK,normal
test,20985,20985.png,229,639,3,0.35837245696400627,False,0,0.0,0,0,True,OK,normal
test,20986,20986.png,230,636,3,0.36163522012578614,False,0,0.0,0,0,True,OK,normal
test,20987,20987.png,229,635,3,0.3606299212598425,False,0,0.0,0,0,True,OK,normal
test,20988,20988.png,231,632,3,0.36550632911392406,False,0,0.0,0,0,True,OK,normal
test,20989,20989.png,229,627,3,0.3652312599681021,False,0,0.0,0,0,True,OK,normal
test,20990,20990.png,230,625,3,0.368,False,0,0.0,0,0,True,OK,normal
test,20991,20991.png,232,637,3,0.3642072213500785,False,0,0.0,0,0,True,OK,normal
test,20992,20992.png,231,641,3,0.36037441497659906,False,0,0.0,0,0,True,OK,normal
test,20993,20993.png,230,633,3,0.36334913112164297,False,0,0.0,0,0,True,OK,normal
test,20994,20994.png,230,627,3,0.3668261562998405,False,0,0.0,0,0,True,OK,normal
test,20995,20995.png,229,640,3,0.3578125,False,0,0.0,0,0,True,OK,normal
test,20996,20996.png,228,642,3,0.35514018691588783,False,0,0.0,0,0,True,OK,normal
test,20997,20997.png,229,631,3,0.3629160063391442,False,0,0.0,0,0,True,OK,normal
test,20998,20998.png,232,636,3,0.36477987421383645,False,0,0.0,0,0,True,OK,normal
test,20999,20999.png,230,643,3,0.35769828926905134,False,0,0.0,0,0,True,OK,normal
test,21000,21000.png,232,641,3,0.3619344773790952,False,0,0.0,0,0,True,OK,normal
test,21001,21001.png,229,645,3,0.3550387596899225,False,0,0.0,0,0,True,OK,normal
test,21002,21002.png,229,626,3,0.365814696485623,False,0,0.0,0,0,True,OK,normal
test,21003,21003.png,229,634,3,0.361198738170347,False,0,0.0,0,0,True,OK,normal
